trade_date,symbol,entry_day,entry_time,entry_px,exit_day,exit_time,exit_px,ret
2024-08-27,512760.XSHG,2024-08-26,14:46:00,0.743,2024-08-27,14:56:00,0.733,-0.014058950201884256
2024-08-27,512800.XSHG,2024-08-26,14:46:00,0.664,2024-08-27,14:56:00,0.668,0.005424096385542244
2024-08-27,600340.XSHG,2024-08-26,14:46:00,1.03,2024-08-27,14:56:00,1.03,-0.0006
2024-08-27,159915.XSHE,2024-08-26,14:46:00,1.514,2024-08-27,14:56:00,1.501,-0.009186525759577412
2024-08-27,000001.XSHE,2024-08-26,14:46:00,9.95,2024-08-27,14:56:00,9.91,-0.004620100502512447
2024-08-28,000002.XSHE,2024-08-27,14:46:00,6.3,2024-08-28,14:56:00,6.22,-0.013298412698412764
2024-08-28,601857.XSHG,2024-08-27,14:46:00,8.82,2024-08-28,14:56:00,8.68,-0.016473015873015927
2024-08-28,159928.XSHE,2024-08-27,14:46:00,0.704,2024-08-28,14:56:00,0.694,-0.014804545454545414
2024-08-28,512760.XSHG,2024-08-27,14:46:00,0.731,2024-08-28,14:56:00,0.734,0.003503967168262557
2024-08-28,600000.XSHG,2024-08-27,14:46:00,8.63,2024-08-28,14:56:00,8.58,-0.006393742757821629
2024-08-29,000001.XSHE,2024-08-28,14:46:00,9.77,2024-08-29,14:56:00,9.63,-0.014929580348004023
2024-08-29,000002.XSHE,2024-08-28,14:46:00,6.21,2024-08-29,14:56:00,6.24,0.004230917874396157
2024-08-29,601166.XSHG,2024-08-28,14:46:00,16.41,2024-08-29,14:56:00,15.95,-0.02863168799512501
2024-08-29,000858.XSHE,2024-08-28,14:46:00,108.78,2024-08-29,14:56:00,113.42,0.04205489979775694
2024-08-29,159928.XSHE,2024-08-28,14:46:00,0.693,2024-08-29,14:56:00,0.706,0.018159018759018753
2024-08-30,600837.XSHG,2024-08-29,14:46:00,8.42,2024-08-30,14:56:00,8.6,0.0207776722090262
2024-08-30,512760.XSHG,2024-08-29,14:46:00,0.742,2024-08-30,14:56:00,0.768,0.034440431266846414
2024-08-30,510500.XSHG,2024-08-29,14:46:00,4.558,2024-08-30,14:56:00,4.634,0.01607397981570873
2024-08-30,159915.XSHE,2024-08-29,14:46:00,1.512,2024-08-30,14:56:00,1.551,0.025193650793650702
2024-08-30,000858.XSHE,2024-08-29,14:46:00,113.49,2024-08-30,14:56:00,117.78,0.03720068728522345
2024-09-02,000002.XSHE,2024-08-30,14:46:00,6.77,2024-09-02,14:56:00,6.42,-0.052298670605612954
2024-09-02,600340.XSHG,2024-08-30,14:46:00,1.05,2024-09-02,14:56:00,1.08,0.027971428571428692
2024-09-02,512010.XSHG,2024-08-30,14:46:00,0.322,2024-09-02,14:56:00,0.317,-0.01612795031055898
2024-09-02,510500.XSHG,2024-08-30,14:46:00,4.637,2024-09-02,14:56:00,4.541,-0.021303040759111335
2024-09-02,600030.XSHG,2024-08-30,14:46:00,18.93,2024-09-02,14:56:00,18.6,-0.018032646592709933
2024-09-03,601398.XSHG,2024-09-02,14:46:00,5.71,2024-09-03,14:56:00,5.53,-0.032123642732049
2024-09-03,512010.XSHG,2024-09-02,14:46:00,0.317,2024-09-03,14:56:00,0.319,0.005709148264984188
2024-09-03,601857.XSHG,2024-09-02,14:46:00,8.53,2024-09-03,14:56:00,8.25,-0.03342532239155911
2024-09-03,000858.XSHE,2024-09-02,14:46:00,114.03,2024-09-03,14:56:00,114.94,0.007380356046654258
2024-09-03,512690.XSHG,2024-09-02,14:46:00,0.527,2024-09-03,14:56:00,0.532,0.008887666034155629
2024-09-04,000333.XSHE,2024-09-03,14:46:00,62.91,2024-09-04,14:56:00,62.51,-0.006958289620092217
2024-09-04,512800.XSHG,2024-09-03,14:46:00,0.617,2024-09-04,14:56:00,0.615,-0.0038414910858995503
2024-09-04,600000.XSHG,2024-09-03,14:46:00,8.0,2024-09-04,14:56:00,8.09,0.010649999999999982
2024-09-04,159928.XSHE,2024-09-03,14:46:00,0.709,2024-09-04,14:56:00,0.703,-0.009062623413258097
2024-09-04,601398.XSHG,2024-09-03,14:46:00,5.54,2024-09-04,14:56:00,5.48,-0.011430324909747224
2024-09-05,000002.XSHE,2024-09-04,14:46:00,6.44,2024-09-05,14:56:00,6.58,0.021139130434782483
2024-09-05,601857.XSHG,2024-09-04,14:46:00,7.79,2024-09-05,14:56:00,7.68,-0.01472066752246477
2024-09-05,000001.XSHE,2024-09-04,14:46:00,9.51,2024-09-05,14:56:00,9.56,0.00465762355415349
2024-09-05,600036.XSHG,2024-09-04,14:46:00,30.09,2024-09-05,14:56:00,29.92,-0.0062497175141242416
2024-09-05,601318.XSHG,2024-09-04,14:46:00,40.79,2024-09-05,14:56:00,41.48,0.0163159107624417
2024-09-06,000333.XSHE,2024-09-05,14:46:00,60.77,2024-09-06,14:56:00,60.09,-0.011789731775547162
2024-09-06,512760.XSHG,2024-09-05,14:46:00,0.737,2024-09-06,14:56:00,0.726,-0.015525373134328401
2024-09-06,601398.XSHG,2024-09-05,14:46:00,5.4,2024-09-06,14:56:00,5.42,0.0031037037037035427
2024-09-06,600030.XSHG,2024-09-05,14:46:00,18.81,2024-09-06,14:56:00,18.73,-0.004853056884635731
2024-09-06,159928.XSHE,2024-09-05,14:46:00,0.706,2024-09-06,14:56:00,0.698,-0.011931444759206777
2024-09-09,159928.XSHE,2024-09-06,14:46:00,0.698,2024-09-09,14:56:00,0.692,-0.009195988538681931
2024-09-09,512760.XSHG,2024-09-06,14:46:00,0.726,2024-09-09,14:56:00,0.722,-0.006109641873278292
2024-09-09,512690.XSHG,2024-09-06,14:46:00,0.522,2024-09-09,14:56:00,0.513,-0.017841379310344862
2024-09-09,601398.XSHG,2024-09-06,14:46:00,5.41,2024-09-09,14:56:00,5.38,-0.006145286506469571
2024-09-09,600000.XSHG,2024-09-06,14:46:00,8.17,2024-09-09,14:56:00,8.13,-0.005495960832313251
2024-09-10,601166.XSHG,2024-09-09,14:46:00,15.31,2024-09-10,14:56:00,15.36,0.002665839320705455
2024-09-10,000001.XSHE,2024-09-09,14:46:00,9.36,2024-09-10,14:56:00,9.4,0.0036735042735044805
2024-09-10,600837.XSHG,2024-09-09,14:46:00,8.75,2024-09-10,14:56:00,8.75,-0.0006
2024-09-10,600000.XSHG,2024-09-09,14:46:00,8.15,2024-09-10,14:56:00,8.25,0.011669938650306678
2024-09-10,000333.XSHE,2024-09-09,14:46:00,58.29,2024-09-10,14:56:00,57.98,-0.0059182364041860495
2024-09-11,600340.XSHG,2024-09-10,14:46:00,1.03,2024-09-11,14:56:00,1.04,0.009108737864077666
2024-09-11,600030.XSHG,2024-09-10,14:46:00,18.58,2024-09-11,14:56:00,18.71,0.0063967707212057474
2024-09-11,159915.XSHE,2024-09-10,14:46:00,1.512,2024-09-11,14:56:00,1.53,0.011304761904761863
2024-09-11,512760.XSHG,2024-09-10,14:46:00,0.728,2024-09-11,14:56:00,0.727,-0.0019736263736263686
2024-09-11,512010.XSHG,2024-09-10,14:46:00,0.313,2024-09-11,14:56:00,0.316,0.008984664536741228
2024-09-12,000002.XSHE,2024-09-11,14:46:00,6.3,2024-09-12,14:56:00,6.3,-0.0006
2024-09-12,000333.XSHE,2024-09-11,14:46:00,58.86,2024-09-12,14:56:00,59.47,0.009763574583758029
2024-09-12,159928.XSHE,2024-09-11,14:46:00,0.691,2024-09-12,14:56:00,0.677,-0.020860492040520828
2024-09-12,600837.XSHG,2024-09-11,14:46:00,8.75,2024-09-12,14:56:00,8.75,-0.0006
2024-09-12,600340.XSHG,2024-09-11,14:46:00,1.03,2024-09-12,14:56:00,1.03,-0.0006
2024-09-13,600340.XSHG,2024-09-12,14:46:00,1.03,2024-09-13,14:56:00,1.02,-0.010308737864077665
2024-09-13,159915.XSHE,2024-09-12,14:46:00,1.523,2024-09-13,14:56:00,1.509,-0.009792383453709762
2024-09-13,512760.XSHG,2024-09-12,14:46:00,0.72,2024-09-13,14:56:00,0.707,-0.018655555555555602
2024-09-13,512690.XSHG,2024-09-12,14:46:00,0.502,2024-09-13,14:56:00,0.489,-0.02649641434262946
2024-09-13,510500.XSHG,2024-09-12,14:46:00,4.497,2024-09-13,14:56:00,4.452,-0.010606671114076049
2024-09-18,000858.XSHE,2024-09-13,14:46:00,104.44,2024-09-18,14:56:00,102.91,-0.015249559555725777
2024-09-18,600519.XSHG,2024-09-13,14:46:00,1258.95,2024-09-18,14:56:00,1223.27,-0.028941077882362286
2024-09-18,512760.XSHG,2024-09-13,14:46:00,0.708,2024-09-18,14:56:00,0.702,-0.009074576271186418
2024-09-18,512690.XSHG,2024-09-13,14:46:00,0.491,2024-09-18,14:56:00,0.485,-0.012819959266802416
2024-09-18,159928.XSHE,2024-09-13,14:46:00,0.667,2024-09-18,14:56:00,0.658,-0.014093253373313307
2024-09-19,600340.XSHG,2024-09-18,14:46:00,1.03,2024-09-19,14:56:00,1.05,0.01881747572815533
2024-09-19,512010.XSHG,2024-09-18,14:46:00,0.308,2024-09-19,14:56:00,0.313,0.015633766233766156
2024-09-19,000002.XSHE,2024-09-18,14:46:00,6.47,2024-09-19,14:56:00,6.77,0.04576785162287471
2024-09-19,159928.XSHE,2024-09-18,14:46:00,0.656,2024-09-19,14:56:00,0.673,0.02531463414634143
2024-09-19,000858.XSHE,2024-09-18,14:46:00,102.75,2024-09-19,14:56:00,105.87,0.02976496350364959
2024-09-20,600340.XSHG,2024-09-19,14:46:00,1.05,2024-09-20,14:56:00,1.07,0.01844761904761898
2024-09-20,600519.XSHG,2024-09-19,14:46:00,1219.77,2024-09-20,14:56:00,1222.28,0.0014577649884814255
2024-09-20,512690.XSHG,2024-09-19,14:46:00,0.497,2024-09-20,14:56:00,0.499,0.0034241448692153183
2024-09-20,601398.XSHG,2024-09-19,14:46:00,5.41,2024-09-20,14:56:00,5.45,0.006793715341959428
2024-09-20,159928.XSHE,2024-09-19,14:46:00,0.671,2024-09-20,14:56:00,0.67,-0.002090312965722773
2024-09-23,600837.XSHG,2024-09-20,14:46:00,8.75,2024-09-23,14:56:00,8.75,-0.0006
2024-09-23,601398.XSHG,2024-09-20,14:46:00,5.44,2024-09-23,14:56:00,5.48,0.006752941176470562
2024-09-23,000001.XSHE,2024-09-20,14:46:00,9.37,2024-09-23,14:56:00,9.52,0.015408537886873064
2024-09-23,512800.XSHG,2024-09-20,14:46:00,0.608,2024-09-23,14:56:00,0.618,0.015847368421052655
2024-09-23,600000.XSHG,2024-09-20,14:46:00,8.27,2024-09-23,14:56:00,8.4,0.015119467956469169
2024-09-24,512010.XSHG,2024-09-23,14:46:00,0.307,2024-09-24,14:56:00,0.318,0.035230618892508156
2024-09-24,159928.XSHE,2024-09-23,14:46:00,0.668,2024-09-24,14:56:00,0.71,0.06227425149700598
2024-09-24,000002.XSHE,2024-09-23,14:46:00,6.92,2024-09-24,14:56:00,7.12,0.028301734104046284
2024-09-24,512760.XSHG,2024-09-23,14:46:00,0.697,2024-09-24,14:56:00,0.724,0.03813744619799146
2024-09-24,512690.XSHG,2024-09-23,14:46:00,0.5,2024-09-24,14:56:00,0.53,0.05940000000000005
2024-09-25,600000.XSHG,2024-09-24,14:46:00,8.78,2024-09-25,14:56:00,9.18,0.044958086560364416
2024-09-25,600837.XSHG,2024-09-24,14:46:00,8.75,2024-09-25,14:56:00,8.75,-0.0006
2024-09-25,601857.XSHG,2024-09-24,14:46:00,8.11,2024-09-25,14:56:00,8.17,0.006798273736128225
2024-09-25,601398.XSHG,2024-09-24,14:46:00,5.75,2024-09-25,14:56:00,5.79,0.006356521739130528
2024-09-25,600036.XSHG,2024-09-24,14:46:00,31.71,2024-09-25,14:56:00,32.71,0.030935793125197165
2024-09-26,000002.XSHE,2024-09-25,14:46:00,7.32,2024-09-26,14:56:00,8.04,0.0977606557377048
2024-09-26,512690.XSHG,2024-09-25,14:46:00,0.534,2024-09-26,14:56:00,0.586,0.09677827715355784
2024-09-26,512760.XSHG,2024-09-25,14:46:00,0.731,2024-09-26,14:56:00,0.762,0.041807660738714045
2024-09-26,159915.XSHE,2024-09-25,14:46:00,1.614,2024-09-26,14:56:00,1.685,0.04339008674101612
2024-09-26,000333.XSHE,2024-09-25,14:46:00,67.11,2024-09-26,14:56:00,70.22,0.04574182685143795
2024-09-27,000002.XSHE,2024-09-26,14:46:00,8.04,2024-09-27,14:56:00,8.84,0.09890248756218904
2024-09-27,600837.XSHG,2024-09-26,14:46:00,8.75,2024-09-27,14:56:00,8.75,-0.0006
2024-09-27,600340.XSHG,2024-09-26,14:46:00,1.24,2024-09-27,14:56:00,1.36,0.09617419354838723
2024-09-27,512690.XSHG,2024-09-26,14:46:00,0.586,2024-09-27,14:56:00,0.645,0.10008259385665534
2024-09-27,000858.XSHE,2024-09-26,14:46:00,128.33,2024-09-27,14:56:00,141.17,0.09945454687134718
2024-09-30,600000.XSHG,2024-09-27,14:46:00,9.58,2024-09-30,14:56:00,9.83,0.02549603340292277
2024-09-30,600036.XSHG,2024-09-27,14:46:00,34.12,2024-09-30,14:56:00,36.04,0.05567198124267307
2024-09-30,601166.XSHG,2024-09-27,14:46:00,17.53,2024-09-30,14:56:00,18.42,0.050170108385624676
2024-09-30,601318.XSHG,2024-09-27,14:46:00,49.57,2024-09-30,14:56:00,54.59,0.10067092999798281
2024-09-30,601857.XSHG,2024-09-27,14:46:00,8.13,2024-09-30,14:56:00,8.77,0.0781207872078719
2024-10-08,601857.XSHG,2024-09-30,14:46:00,8.68,2024-10-08,14:56:00,9.03,0.03972258064516125
2024-10-08,600000.XSHG,2024-09-30,14:46:00,9.75,2024-10-08,14:56:00,10.2,0.04555384615384599
2024-10-08,000001.XSHE,2024-09-30,14:46:00,11.47,2024-10-08,14:56:00,12.21,0.063916129032258
2024-10-08,510300.XSHG,2024-09-30,14:46:00,4.075,2024-10-08,14:56:00,4.278,0.04921595092024515
2024-10-08,512800.XSHG,2024-09-30,14:46:00,0.702,2024-10-08,14:56:00,0.725,0.03216353276353272
2024-10-09,600519.XSHG,2024-10-08,14:46:00,1663.85,2024-10-09,14:56:00,1542.24,-0.07368952129098168
2024-10-09,601398.XSHG,2024-10-08,14:46:00,5.85,2024-10-09,14:56:00,5.81,-0.007437606837606813
2024-10-09,600837.XSHG,2024-10-08,14:46:00,8.75,2024-10-09,14:56:00,8.75,-0.0006
2024-10-09,600030.XSHG,2024-10-08,14:46:00,29.43,2024-10-09,14:56:00,29.95,0.01706904519198098
2024-10-09,512760.XSHG,2024-10-08,14:46:00,0.989,2024-10-09,14:56:00,1.088,0.09950111223458051
2024-10-10,159915.XSHE,2024-10-09,14:46:00,2.269,2024-10-10,14:56:00,2.175,-0.04202794182459242
2024-10-10,600030.XSHG,2024-10-09,14:46:00,30.28,2024-10-10,14:56:00,27.31,-0.09868454425363289
2024-10-10,000858.XSHE,2024-10-09,14:46:00,141.43,2024-10-10,14:56:00,145.24,0.02633912182705227
2024-10-10,512010.XSHG,2024-10-09,14:46:00,0.402,2024-10-10,14:56:00,0.399,-0.0080626865671642
2024-10-10,000333.XSHE,2024-10-09,14:46:00,72.01,2024-10-10,14:56:00,74.64,0.03592270517983602
2024-10-11,000002.XSHE,2024-10-10,14:46:00,9.12,2024-10-11,14:56:00,9.1,-0.002792982456140302
2024-10-11,600030.XSHG,2024-10-10,14:46:00,27.33,2024-10-11,14:56:00,27.62,0.010011050128064514
2024-10-11,159915.XSHE,2024-10-10,14:46:00,2.181,2024-10-11,14:56:00,2.062,-0.055162127464465985
2024-10-11,512690.XSHG,2024-10-10,14:46:00,0.651,2024-10-11,14:56:00,0.63,-0.03285806451612912
2024-10-11,601857.XSHG,2024-10-10,14:46:00,8.51,2024-10-11,14:56:00,8.45,-0.007650528789659283
2024-10-14,600340.XSHG,2024-10-11,14:46:00,1.38,2024-10-14,14:56:00,1.5,0.0863565217391306
2024-10-14,601857.XSHG,2024-10-11,14:46:00,8.41,2024-10-14,14:56:00,8.5,0.010101545778834643
2024-10-14,000001.XSHE,2024-10-11,14:46:00,11.3,2024-10-14,14:56:00,11.65,0.030373451327433566
2024-10-14,601166.XSHG,2024-10-11,14:46:00,18.07,2024-10-14,14:56:00,18.81,0.040351853901494136
2024-10-14,600000.XSHG,2024-10-11,14:46:00,9.81,2024-10-14,14:56:00,10.12,0.031000407747196524
2024-10-15,600519.XSHG,2024-10-14,14:46:00,1545.63,2024-10-15,14:56:00,1501.23,-0.029326150501737213
2024-10-15,600837.XSHG,2024-10-14,14:46:00,11.65,2024-10-15,14:56:00,10.89,-0.06583605150214596
2024-10-15,000002.XSHE,2024-10-14,14:46:00,9.34,2024-10-15,14:56:00,9.21,-0.014518629550321082
2024-10-15,512690.XSHG,2024-10-14,14:46:00,0.636,2024-10-15,14:56:00,0.616,-0.03204654088050314
2024-10-15,601166.XSHG,2024-10-14,14:46:00,18.8,2024-10-15,14:56:00,18.52,-0.015493617021276673
2024-10-16,601318.XSHG,2024-10-15,14:46:00,54.79,2024-10-16,14:56:00,54.79,-0.0006
2024-10-16,600837.XSHG,2024-10-15,14:46:00,10.93,2024-10-16,14:56:00,11.66,0.06618865507776765
2024-10-16,600030.XSHG,2024-10-15,14:46:00,26.39,2024-10-16,14:56:00,25.97,-0.01651511936339529
2024-10-16,600519.XSHG,2024-10-15,14:46:00,1504.1,2024-10-16,14:56:00,1470.73,-0.022786024865367915
2024-10-16,512690.XSHG,2024-10-15,14:46:00,0.617,2024-10-16,14:56:00,0.609,-0.01356596434359809
2024-10-17,601398.XSHG,2024-10-16,14:46:00,6.11,2024-10-17,14:56:00,6.05,-0.010419967266775809
2024-10-17,600000.XSHG,2024-10-16,14:46:00,10.08,2024-10-17,14:56:00,9.92,-0.016473015873015927
2024-10-17,600276.XSHG,2024-10-16,14:46:00,49.1,2024-10-17,14:56:00,49.1,-0.0006
2024-10-17,512800.XSHG,2024-10-16,14:46:00,0.726,2024-10-17,14:56:00,0.715,-0.015751515151515138
2024-10-17,000001.XSHE,2024-10-16,14:46:00,11.69,2024-10-17,14:56:00,11.58,-0.010009751924721932
2024-10-18,600340.XSHG,2024-10-17,14:46:00,1.47,2024-10-18,14:56:00,1.47,-0.0006
2024-10-18,601318.XSHG,2024-10-17,14:46:00,54.65,2024-10-18,14:56:00,55.41,0.013306678865507782
2024-10-18,512010.XSHG,2024-10-17,14:46:00,0.36,2024-10-18,14:56:00,0.375,0.04106666666666674
2024-10-18,601857.XSHG,2024-10-17,14:46:00,8.15,2024-10-18,14:56:00,8.28,0.015350920245398681
2024-10-18,600276.XSHG,2024-10-17,14:46:00,49.27,2024-10-18,14:56:00,50.3,0.020305216155875595
2024-10-21,600837.XSHG,2024-10-18,14:46:00,13.83,2024-10-21,14:56:00,12.4,-0.10399840925524224
2024-10-21,512760.XSHG,2024-10-18,14:46:00,1.078,2024-10-21,14:56:00,1.121,0.03928868274582557
2024-10-21,601398.XSHG,2024-10-18,14:46:00,6.06,2024-10-21,14:56:00,5.92,-0.02370231023102305
2024-10-21,512800.XSHG,2024-10-18,14:46:00,0.72,2024-10-21,14:56:00,0.709,-0.015877777777777834
2024-10-21,000858.XSHE,2024-10-18,14:46:00,137.16,2024-10-21,14:56:00,136.47,-0.005630621172353422
2024-10-22,512760.XSHG,2024-10-21,14:46:00,1.126,2024-10-22,14:56:00,1.106,-0.01836198934280626
2024-10-22,600837.XSHG,2024-10-21,14:46:00,12.4,2024-10-22,14:56:00,12.31,-0.007858064516128981
2024-10-22,000002.XSHE,2024-10-21,14:46:00,9.19,2024-10-22,14:56:00,9.22,0.002664417845484369
2024-10-22,159915.XSHE,2024-10-21,14:46:00,2.168,2024-10-22,14:56:00,2.174,0.002167527675276549
2024-10-22,601857.XSHG,2024-10-21,14:46:00,8.19,2024-10-22,14:56:00,8.22,0.003063003663003872
2024-10-23,600340.XSHG,2024-10-22,14:46:00,1.5,2024-10-23,14:56:00,1.49,-0.0072666666666667094
2024-10-23,600837.XSHG,2024-10-22,14:46:00,12.21,2024-10-23,14:56:00,11.96,-0.021075020475020478
2024-10-23,000333.XSHE,2024-10-22,14:46:00,72.7,2024-10-23,14:56:00,72.86,0.0016008253094909504
2024-10-23,600036.XSHG,2024-10-22,14:46:00,37.49,2024-10-23,14:56:00,38.01,0.013270365430781462
2024-10-23,512800.XSHG,2024-10-22,14:46:00,0.707,2024-10-23,14:56:00,0.711,0.005057708628005631
2024-10-24,600837.XSHG,2024-10-23,14:46:00,11.96,2024-10-24,14:56:00,12.11,0.011941806020066826
2024-10-24,600340.XSHG,2024-10-23,14:46:00,1.48,2024-10-24,14:56:00,1.53,0.03318378378378377
2024-10-24,600030.XSHG,2024-10-23,14:46:00,27.07,2024-10-24,14:56:00,26.81,-0.01020472848171412
2024-10-24,159915.XSHE,2024-10-23,14:46:00,2.156,2024-10-24,14:56:00,2.133,-0.01126790352504643
2024-10-24,601318.XSHG,2024-10-23,14:46:00,56.44,2024-10-24,14:56:00,56.39,-0.0014858965272855455
2024-10-25,000858.XSHE,2024-10-24,14:46:00,139.72,2024-10-25,14:56:00,141.5,0.01213976524477538
2024-10-25,512690.XSHG,2024-10-24,14:46:00,0.621,2024-10-25,14:56:00,0.626,0.007451529790660261
2024-10-25,600036.XSHG,2024-10-24,14:46:00,37.7,2024-10-25,14:56:00,37.52,-0.005374535809018543
2024-10-25,600030.XSHG,2024-10-24,14:46:00,26.84,2024-10-25,14:56:00,27.03,0.0064789865871834225
2024-10-25,000001.XSHE,2024-10-24,14:46:00,11.38,2024-10-25,14:56:00,11.36,-0.002357469244288323
2024-10-28,512690.XSHG,2024-10-25,14:46:00,0.626,2024-10-28,14:56:00,0.643,0.02655654952076685
2024-10-28,601857.XSHG,2024-10-25,14:46:00,8.16,2024-10-28,14:56:00,8.13,-0.00427647058823517
2024-10-28,159928.XSHE,2024-10-25,14:46:00,0.828,2024-10-28,14:56:00,0.846,0.021139130434782705
2024-10-28,000002.XSHE,2024-10-25,14:46:00,9.14,2024-10-28,14:56:00,9.38,0.025658205689277947
2024-10-28,512760.XSHG,2024-10-25,14:46:00,1.094,2024-10-28,14:56:00,1.093,-0.0015140767824498129
2024-10-29,600276.XSHG,2024-10-28,14:46:00,48.38,2024-10-29,14:56:00,48.07,-0.0070076064489458904
2024-10-29,601166.XSHG,2024-10-28,14:46:00,18.15,2024-10-29,14:56:00,18.12,-0.00225289256198331
2024-10-29,600837.XSHG,2024-10-28,14:46:00,11.68,2024-10-29,14:56:00,12.05,0.03107808219178081
2024-10-29,600519.XSHG,2024-10-28,14:46:00,1508.39,2024-10-29,14:56:00,1479.07,-0.020037943767858567
2024-10-29,600030.XSHG,2024-10-28,14:46:00,26.96,2024-10-29,14:56:00,26.81,-0.006163798219584637
2024-10-30,512760.XSHG,2024-10-29,14:46:00,1.092,2024-10-30,14:56:00,1.076,-0.01525201465201471
2024-10-30,601318.XSHG,2024-10-29,14:46:00,56.0,2024-10-30,14:56:00,54.4,-0.02917142857142858
2024-10-30,512010.XSHG,2024-10-29,14:46:00,0.377,2024-10-30,14:56:00,0.373,-0.011210079575596787
2024-10-30,000333.XSHE,2024-10-29,14:46:00,70.69,2024-10-30,14:56:00,69.21,-0.02153648323666719
2024-10-30,600837.XSHG,2024-10-29,14:46:00,11.99,2024-10-30,14:56:00,11.87,-0.010608340283569672
2024-10-31,600340.XSHG,2024-10-30,14:46:00,2.07,2024-10-31,14:56:00,2.28,0.10084927536231884
2024-10-31,000333.XSHE,2024-10-30,14:46:00,69.24,2024-10-31,14:56:00,68.11,-0.01692004621605998
2024-10-31,600276.XSHG,2024-10-30,14:46:00,47.1,2024-10-31,14:56:00,46.5,-0.01333885350318471
2024-10-31,600519.XSHG,2024-10-30,14:46:00,1483.34,2024-10-31,14:56:00,1474.39,-0.006633680747502101
2024-10-31,600104.XSHG,2024-10-30,14:46:00,13.12,2024-10-31,14:56:00,12.81,-0.024228048780487742
2024-11-01,512760.XSHG,2024-10-31,14:46:00,1.095,2024-11-01,14:56:00,1.056,-0.03621643835616435
2024-11-01,600837.XSHG,2024-10-31,14:46:00,11.71,2024-11-01,14:56:00,11.47,-0.021095303159692613
2024-11-01,600030.XSHG,2024-10-31,14:46:00,27.55,2024-11-01,14:56:00,27.49,-0.0027778584392014853
2024-11-01,159915.XSHE,2024-10-31,14:46:00,2.119,2024-11-01,14:56:00,2.085,-0.016645304388862758
2024-11-01,510500.XSHG,2024-10-31,14:46:00,5.898,2024-11-01,14:56:00,5.842,-0.010094743981010467
2024-11-04,512760.XSHG,2024-11-01,14:46:00,1.059,2024-11-04,14:56:00,1.074,0.013564305949008638
2024-11-04,000002.XSHE,2024-11-01,14:46:00,9.14,2024-11-04,14:56:00,9.07,-0.008258643326039383
2024-11-04,600030.XSHG,2024-11-01,14:46:00,27.52,2024-11-04,14:56:00,28.52,0.03573720930232553
2024-11-04,601318.XSHG,2024-11-01,14:46:00,54.75,2024-11-04,14:56:00,55.3,0.009445662100456543
2024-11-04,159915.XSHE,2024-11-01,14:46:00,2.089,2024-11-04,14:56:00,2.144,0.02572838678793692
2024-11-05,159928.XSHE,2024-11-04,14:46:00,0.839,2024-11-05,14:56:00,0.856,0.019662216924910703
2024-11-05,600340.XSHG,2024-11-04,14:46:00,2.76,2024-11-05,14:56:00,3.04,0.10084927536231884
2024-11-05,000333.XSHE,2024-11-04,14:46:00,69.41,2024-11-05,14:56:00,69.78,0.004730643999423845
2024-11-05,600837.XSHG,2024-11-04,14:46:00,11.65,2024-11-05,14:56:00,12.13,0.0406017167381975
2024-11-05,512690.XSHG,2024-11-04,14:46:00,0.63,2024-11-05,14:56:00,0.646,0.02479682539682553
2024-11-06,000333.XSHE,2024-11-05,14:46:00,69.68,2024-11-06,14:56:00,67.83,-0.027149942594718878
2024-11-06,601857.XSHG,2024-11-05,14:46:00,8.03,2024-11-06,14:56:00,8.03,-0.0006
2024-11-06,000002.XSHE,2024-11-05,14:46:00,9.3,2024-11-06,14:56:00,9.5,0.020905376344086003
2024-11-06,600837.XSHG,2024-11-05,14:46:00,12.11,2024-11-06,14:56:00,12.29,0.014263748967795187
2024-11-06,512010.XSHG,2024-11-05,14:46:00,0.382,2024-11-06,14:56:00,0.383,0.002017801047120505
2024-11-07,600030.XSHG,2024-11-06,14:46:00,30.12,2024-11-07,14:56:00,33.62,0.11560185922974757
2024-11-07,600837.XSHG,2024-11-06,14:46:00,12.22,2024-11-07,14:56:00,12.85,0.05095482815057266
2024-11-07,512760.XSHG,2024-11-06,14:46:00,1.126,2024-11-07,14:56:00,1.175,0.0429168738898759
2024-11-07,159915.XSHE,2024-11-06,14:46:00,2.211,2024-11-07,14:56:00,2.303,0.04101013116237
2024-11-07,000002.XSHE,2024-11-06,14:46:00,9.42,2024-11-07,14:56:00,9.88,0.048232271762208054
2024-11-08,600340.XSHG,2024-11-07,14:46:00,3.67,2024-11-08,14:56:00,4.04,0.10021743869209813
2024-11-08,600030.XSHG,2024-11-07,14:46:00,33.62,2024-11-08,14:56:00,34.33,0.020518381915526508
2024-11-08,000333.XSHE,2024-11-07,14:46:00,68.59,2024-11-08,14:56:00,69.22,0.008585012392477043
2024-11-08,600837.XSHG,2024-11-07,14:46:00,12.82,2024-11-08,14:56:00,12.48,-0.027121060842433663
2024-11-08,512010.XSHG,2024-11-07,14:46:00,0.395,2024-11-08,14:56:00,0.395,-0.0006
2024-11-11,600030.XSHG,2024-11-08,14:46:00,34.16,2024-11-11,14:56:00,34.31,0.0037911007025763117
2024-11-11,601318.XSHG,2024-11-08,14:46:00,57.38,2024-11-11,14:56:00,56.78,-0.011056605088881132
2024-11-11,512760.XSHG,2024-11-08,14:46:00,1.184,2024-11-11,14:56:00,1.258,0.0619
2024-11-11,600837.XSHG,2024-11-08,14:46:00,12.39,2024-11-11,14:56:00,12.38,-0.0014071025020177645
2024-11-11,159915.XSHE,2024-11-08,14:46:00,2.275,2024-11-11,14:56:00,2.349,0.031927472527472675
2024-11-12,000858.XSHE,2024-11-11,14:46:00,147.31,2024-11-12,14:56:00,147.44,0.00028249270246421046
2024-11-12,600340.XSHG,2024-11-11,14:46:00,3.62,2024-11-12,14:56:00,3.26,-0.10004751381215478
2024-11-12,601398.XSHG,2024-11-11,14:46:00,5.79,2024-11-12,14:56:00,5.77,-0.004054231433506094
2024-11-12,000002.XSHE,2024-11-11,14:46:00,9.26,2024-11-12,14:56:00,9.19,-0.008159395248380118
2024-11-12,600036.XSHG,2024-11-11,14:46:00,36.72,2024-11-12,14:56:00,36.09,-0.017756862745097867
2024-11-13,600030.XSHG,2024-11-12,14:46:00,32.74,2024-11-13,14:56:00,32.4,-0.010984850335980578
2024-11-13,600837.XSHG,2024-11-12,14:46:00,12.1,2024-11-13,14:56:00,12.22,0.009317355371900971
2024-11-13,512760.XSHG,2024-11-12,14:46:00,1.211,2024-11-13,14:56:00,1.225,0.010960693641618603
2024-11-13,159915.XSHE,2024-11-12,14:46:00,2.321,2024-11-13,14:56:00,2.372,0.021373287376130912
2024-11-13,600036.XSHG,2024-11-12,14:46:00,36.02,2024-11-13,14:56:00,36.26,0.00606296501943342
2024-11-14,600340.XSHG,2024-11-13,14:46:00,2.94,2024-11-14,14:56:00,2.7,-0.08223265306122436
2024-11-14,600030.XSHG,2024-11-13,14:46:00,32.44,2024-11-14,14:56:00,32.13,-0.010156103575832142
2024-11-14,000333.XSHE,2024-11-13,14:46:00,70.1,2024-11-14,14:56:00,70.29,0.002110413694722025
2024-11-14,600000.XSHG,2024-11-13,14:46:00,9.35,2024-11-14,14:56:00,9.33,-0.002739037433155022
2024-11-14,000001.XSHE,2024-11-13,14:46:00,11.25,2024-11-14,14:56:00,11.19,-0.005933333333333412
2024-11-15,600104.XSHG,2024-11-14,14:46:00,16.68,2024-11-15,14:56:00,17.15,0.027577458033572966
2024-11-15,600340.XSHG,2024-11-14,14:46:00,2.73,2024-11-15,14:56:00,2.49,-0.08851208791208783
2024-11-15,600276.XSHG,2024-11-14,14:46:00,48.64,2024-11-15,14:56:00,47.73,-0.019308881578947456
2024-11-15,512760.XSHG,2024-11-14,14:46:00,1.185,2024-11-15,14:56:00,1.129,-0.047857383966244796
2024-11-15,512010.XSHG,2024-11-14,14:46:00,0.39,2024-11-15,14:56:00,0.38,-0.02624102564102566
2024-11-18,600340.XSHG,2024-11-15,14:46:00,2.5,2024-11-18,14:56:00,2.59,0.03540000000000003
2024-11-18,600104.XSHG,2024-11-15,14:46:00,17.08,2024-11-18,14:56:00,18.5,0.08253817330210793
2024-11-18,512760.XSHG,2024-11-15,14:46:00,1.133,2024-11-18,14:56:00,1.104,-0.026195763459841048
2024-11-18,600030.XSHG,2024-11-15,14:46:00,30.81,2024-11-18,14:56:00,30.14,-0.022346186303148285
2024-11-18,000333.XSHE,2024-11-15,14:46:00,69.26,2024-11-18,14:56:00,67.91,-0.020091770141495945
2024-11-19,600837.XSHG,2024-11-18,14:46:00,11.51,2024-11-19,14:56:00,11.68,0.01416976542137276
2024-11-19,510500.XSHG,2024-11-18,14:46:00,5.803,2024-11-19,14:56:00,5.925,0.020423608478373257
2024-11-19,512760.XSHG,2024-11-18,14:46:00,1.098,2024-11-19,14:56:00,1.14,0.037651366120218396
2024-11-19,600030.XSHG,2024-11-18,14:46:00,29.98,2024-11-19,14:56:00,30.76,0.025417344896597683
2024-11-19,601318.XSHG,2024-11-18,14:46:00,54.02,2024-11-19,14:56:00,54.0,-0.0009702332469456282
2024-11-20,600104.XSHG,2024-11-19,14:46:00,16.44,2024-11-20,14:56:00,17.09,0.038937712895377105
2024-11-20,601398.XSHG,2024-11-19,14:46:00,5.89,2024-11-20,14:56:00,5.9,0.0010977928692700763
2024-11-20,000333.XSHE,2024-11-19,14:46:00,67.91,2024-11-20,14:56:00,68.16,0.003081342953909539
2024-11-20,601166.XSHG,2024-11-19,14:46:00,17.52,2024-11-20,14:56:00,17.43,-0.005736986301369828
2024-11-20,600036.XSHG,2024-11-19,14:46:00,36.12,2024-11-20,14:56:00,35.93,-0.00586024363233657
2024-11-21,601166.XSHG,2024-11-20,14:46:00,17.41,2024-11-21,14:56:00,17.42,-2.5617461229043262e-05
2024-11-21,600340.XSHG,2024-11-20,14:46:00,2.96,2024-11-21,14:56:00,2.89,-0.024248648648648573
2024-11-21,000002.XSHE,2024-11-20,14:46:00,8.74,2024-11-21,14:56:00,8.69,-0.006320823798627039
2024-11-21,601857.XSHG,2024-11-20,14:46:00,7.9,2024-11-21,14:56:00,7.88,-0.0031316455696202665
2024-11-21,000333.XSHE,2024-11-20,14:46:00,68.11,2024-11-21,14:56:00,67.53,-0.009115636470415533
2024-11-22,600340.XSHG,2024-11-21,14:46:00,2.88,2024-11-22,14:56:00,2.92,0.01328888888888884
2024-11-22,600000.XSHG,2024-11-21,14:46:00,9.41,2024-11-22,14:56:00,9.21,-0.021853985122210328
2024-11-22,600837.XSHG,2024-11-21,14:46:00,11.73,2024-11-22,14:56:00,11.32,-0.035553111679454366
2024-11-22,601857.XSHG,2024-11-21,14:46:00,7.88,2024-11-22,14:56:00,7.8,-0.010752284263959421
2024-11-22,601398.XSHG,2024-11-21,14:46:00,5.88,2024-11-22,14:56:00,5.82,-0.010804081632652961
2024-11-25,600104.XSHG,2024-11-22,14:46:00,17.96,2024-11-25,14:56:00,19.38,0.07846458797327387
2024-11-25,600837.XSHG,2024-11-22,14:46:00,11.37,2024-11-25,14:56:00,11.25,-0.01115408970976246
2024-11-25,600030.XSHG,2024-11-22,14:46:00,30.05,2024-11-25,14:56:00,29.09,-0.03254675540765391
2024-11-25,512760.XSHG,2024-11-22,14:46:00,1.098,2024-11-25,14:56:00,1.078,-0.01881493624772319
2024-11-25,159915.XSHE,2024-11-22,14:46:00,2.146,2024-11-25,14:56:00,2.131,-0.007589748369058746
2024-11-26,601398.XSHG,2024-11-25,14:46:00,5.85,2024-11-26,14:56:00,5.9,0.007947008547008739
2024-11-26,000333.XSHE,2024-11-25,14:46:00,67.19,2024-11-26,14:56:00,67.28,0.000739485042417099
2024-11-26,600000.XSHG,2024-11-25,14:46:00,9.08,2024-11-26,14:56:00,9.03,-0.006106607929515517
2024-11-26,600036.XSHG,2024-11-25,14:46:00,34.83,2024-11-26,14:56:00,34.84,-0.0003128911857593447
2024-11-26,601166.XSHG,2024-11-25,14:46:00,16.99,2024-11-26,14:56:00,17.15,0.008817304296645002
2024-11-27,600340.XSHG,2024-11-26,14:46:00,2.61,2024-11-27,14:56:00,2.86,0.09518544061302674
2024-11-27,600104.XSHG,2024-11-26,14:46:00,18.44,2024-11-27,14:56:00,17.78,-0.036391757049891574
2024-11-27,512760.XSHG,2024-11-26,14:46:00,1.069,2024-11-27,14:56:00,1.105,0.03307633302151551
2024-11-27,600030.XSHG,2024-11-26,14:46:00,29.18,2024-11-27,14:56:00,29.77,0.019619328307059525
2024-11-27,510500.XSHG,2024-11-26,14:46:00,5.692,2024-11-27,14:56:00,5.803,0.01890105411103298
2024-11-28,601398.XSHG,2024-11-27,14:46:00,5.93,2024-11-28,14:56:00,5.93,-0.0006
2024-11-28,601857.XSHG,2024-11-27,14:46:00,7.8,2024-11-28,14:56:00,7.8,-0.0006
2024-11-28,600340.XSHG,2024-11-27,14:46:00,2.86,2024-11-28,14:56:00,2.9,0.013386013986013957
2024-11-28,600000.XSHG,2024-11-27,14:46:00,9.14,2024-11-28,14:56:00,9.19,0.00487045951859948
2024-11-28,600036.XSHG,2024-11-27,14:46:00,35.08,2024-11-28,14:56:00,34.89,-0.006016191562143568
2024-11-29,600340.XSHG,2024-11-28,14:46:00,2.91,2024-11-29,14:56:00,2.88,-0.010909278350515538
2024-11-29,512760.XSHG,2024-11-28,14:46:00,1.1,2024-11-29,14:56:00,1.122,0.019400000000000018
2024-11-29,159915.XSHE,2024-11-28,14:46:00,2.129,2024-11-29,14:56:00,2.181,0.02382461249412875
2024-11-29,510500.XSHG,2024-11-28,14:46:00,5.758,2024-11-29,14:56:00,5.849,0.015204098645362919
2024-11-29,600030.XSHG,2024-11-28,14:46:00,29.42,2024-11-29,14:56:00,30.26,0.027952005438477135
2024-12-02,600104.XSHG,2024-11-29,14:46:00,17.48,2024-12-02,14:56:00,18.88,0.07949153318077788
2024-12-02,512010.XSHG,2024-11-29,14:46:00,0.376,2024-12-02,14:56:00,0.38,0.010038297872340497
2024-12-02,601398.XSHG,2024-11-29,14:46:00,5.9,2024-12-02,14:56:00,5.88,-0.003989830508474634
2024-12-02,600837.XSHG,2024-11-29,14:46:00,11.43,2024-12-02,14:56:00,11.51,0.006399125109361293
2024-12-02,000858.XSHE,2024-11-29,14:46:00,140.19,2024-12-02,14:56:00,140.82,0.003893901134174916
2024-12-03,600104.XSHG,2024-12-02,14:46:00,18.82,2024-12-03,14:56:00,18.76,-0.00378809776833151
2024-12-03,600276.XSHG,2024-12-02,14:46:00,50.14,2024-12-03,14:56:00,49.44,-0.014560909453530124
2024-12-03,600519.XSHG,2024-12-02,14:46:00,1469.11,2024-12-03,14:56:00,1472.68,0.0018300426789010123
2024-12-03,512760.XSHG,2024-12-02,14:46:00,1.124,2024-12-03,14:56:00,1.11,-0.01305551601423489
2024-12-03,601398.XSHG,2024-12-02,14:46:00,5.87,2024-12-03,14:56:00,5.95,0.013028620102214662
2024-12-04,159915.XSHE,2024-12-03,14:46:00,2.202,2024-12-04,14:56:00,2.168,-0.016040508628519422
2024-12-04,600030.XSHG,2024-12-03,14:46:00,30.57,2024-12-04,14:56:00,30.22,-0.012049133137062528
2024-12-04,159928.XSHE,2024-12-03,14:46:00,0.835,2024-12-04,14:56:00,0.828,-0.008983233532934131
2024-12-04,512760.XSHG,2024-12-03,14:46:00,1.111,2024-12-04,14:56:00,1.112,0.00030009000900104224
2024-12-04,600837.XSHG,2024-12-03,14:46:00,11.62,2024-12-04,14:56:00,11.45,-0.015229948364888068
2024-12-05,600340.XSHG,2024-12-04,14:46:00,3.61,2024-12-05,14:56:00,3.66,0.013250415512465464
2024-12-05,512760.XSHG,2024-12-04,14:46:00,1.109,2024-12-05,14:56:00,1.11,0.000301713255184955
2024-12-05,159915.XSHE,2024-12-04,14:46:00,2.162,2024-12-05,14:56:00,2.177,0.006338020351526353
2024-12-05,600837.XSHG,2024-12-04,14:46:00,11.42,2024-12-05,14:56:00,11.59,0.014286164623467702
2024-12-05,600104.XSHG,2024-12-04,14:46:00,17.72,2024-12-05,14:56:00,18.17,0.02479503386004527
2024-12-06,601398.XSHG,2024-12-05,14:46:00,6.01,2024-12-06,14:56:00,6.06,0.007719467554076532
2024-12-06,601857.XSHG,2024-12-05,14:46:00,8.05,2024-12-06,14:56:00,8.1,0.005611180124223503
2024-12-06,000002.XSHE,2024-12-05,14:46:00,8.5,2024-12-06,14:56:00,8.67,0.019400000000000018
2024-12-06,000858.XSHE,2024-12-05,14:46:00,138.52,2024-12-06,14:56:00,139.97,0.009867802483395739
2024-12-06,510500.XSHG,2024-12-05,14:46:00,5.897,2024-12-06,14:56:00,5.975,0.012627064609123263
2024-12-09,600104.XSHG,2024-12-06,14:46:00,17.68,2024-12-09,14:56:00,17.98,0.016368325791855143
2024-12-09,600030.XSHG,2024-12-06,14:46:00,30.7,2024-12-09,14:56:00,30.61,-0.0035315960912051907
2024-12-09,159915.XSHE,2024-12-06,14:46:00,2.222,2024-12-09,14:56:00,2.206,-0.007800720072007227
2024-12-09,512760.XSHG,2024-12-06,14:46:00,1.121,2024-12-09,14:56:00,1.106,-0.013980909901873239
2024-12-09,510500.XSHG,2024-12-06,14:46:00,5.974,2024-12-09,14:56:00,5.952,-0.0042826247070639305
2024-12-10,600340.XSHG,2024-12-09,14:46:00,3.72,2024-12-10,14:56:00,3.65,-0.019417204301075363
2024-12-10,600276.XSHG,2024-12-09,14:46:00,49.17,2024-12-10,14:56:00,47.97,-0.02500512507626602
2024-12-10,601398.XSHG,2024-12-09,14:46:00,6.08,2024-12-10,14:56:00,6.15,0.010913157894736947
2024-12-10,600104.XSHG,2024-12-09,14:46:00,18.03,2024-12-10,14:56:00,17.89,-0.008364836383804763
2024-12-10,601857.XSHG,2024-12-09,14:46:00,8.19,2024-12-10,14:56:00,8.14,-0.006705006105005972
2024-12-11,600340.XSHG,2024-12-10,14:46:00,3.68,2024-12-11,14:56:00,3.69,0.0021173913043476718
2024-12-11,600276.XSHG,2024-12-10,14:46:00,47.88,2024-12-11,14:56:00,47.98,0.0014885547201334733
2024-12-11,510500.XSHG,2024-12-10,14:46:00,5.992,2024-12-11,14:56:00,6.039,0.007243791722296434
2024-12-11,159915.XSHE,2024-12-10,14:46:00,2.224,2024-12-11,14:56:00,2.218,-0.003297841726618799
2024-12-11,512760.XSHG,2024-12-10,14:46:00,1.115,2024-12-11,14:56:00,1.109,-0.005981165919282504
2024-12-12,600340.XSHG,2024-12-11,14:46:00,3.7,2024-12-12,14:56:00,3.68,-0.006005405405405461
2024-12-12,512010.XSHG,2024-12-11,14:46:00,0.381,2024-12-12,14:56:00,0.385,0.00989868766404205
2024-12-12,159915.XSHE,2024-12-11,14:46:00,2.214,2024-12-12,14:56:00,2.248,0.014756820234869062
2024-12-12,512760.XSHG,2024-12-11,14:46:00,1.108,2024-12-12,14:56:00,1.117,0.007522743682310363
2024-12-12,000001.XSHE,2024-12-11,14:46:00,11.37,2024-12-12,14:56:00,11.48,0.009074582233949014
2024-12-13,600104.XSHG,2024-12-12,14:46:00,17.18,2024-12-13,14:56:00,18.45,0.07332316647264252
2024-12-13,000002.XSHE,2024-12-12,14:46:00,8.68,2024-12-13,14:56:00,8.41,-0.031705990783410146
2024-12-13,510500.XSHG,2024-12-12,14:46:00,6.096,2024-12-13,14:56:00,5.996,-0.01700419947506555
2024-12-13,600837.XSHG,2024-12-12,14:46:00,11.77,2024-12-13,14:56:00,11.53,-0.02099082412914195
2024-12-13,600030.XSHG,2024-12-12,14:46:00,31.13,2024-12-13,14:56:00,29.92,-0.03946925795052998
2024-12-16,600030.XSHG,2024-12-13,14:46:00,29.93,2024-12-16,14:56:00,29.54,-0.01363040427664548
2024-12-16,600340.XSHG,2024-12-13,14:46:00,3.44,2024-12-16,14:56:00,3.4,-0.012227906976744207
2024-12-16,512760.XSHG,2024-12-13,14:46:00,1.101,2024-12-16,14:56:00,1.081,-0.01876530426884655
2024-12-16,159915.XSHE,2024-12-13,14:46:00,2.194,2024-12-16,14:56:00,2.159,-0.016552597994530637
2024-12-16,600104.XSHG,2024-12-13,14:46:00,18.52,2024-12-16,14:56:00,18.16,-0.02003844492440605
2024-12-17,600340.XSHG,2024-12-16,14:46:00,3.36,2024-12-17,14:56:00,3.28,-0.024409523809523836
2024-12-17,512760.XSHG,2024-12-16,14:46:00,1.076,2024-12-17,14:56:00,1.072,-0.00431747211895912
2024-12-17,512690.XSHG,2024-12-16,14:46:00,0.632,2024-12-17,14:56:00,0.636,0.005729113924050667
2024-12-17,601318.XSHG,2024-12-16,14:46:00,51.49,2024-12-17,14:56:00,51.47,-0.0009884249368809599
2024-12-17,159928.XSHE,2024-12-16,14:46:00,0.832,2024-12-17,14:56:00,0.836,0.004207692307692291
2024-12-18,000858.XSHE,2024-12-17,14:46:00,138.74,2024-12-18,14:56:00,138.74,-0.0006
2024-12-18,512010.XSHG,2024-12-17,14:46:00,0.369,2024-12-18,14:56:00,0.37,0.0021100271002709066
2024-12-18,000333.XSHE,2024-12-17,14:46:00,70.22,2024-12-18,14:56:00,70.73,0.0066628880660781105
2024-12-18,600030.XSHG,2024-12-17,14:46:00,29.73,2024-12-18,14:56:00,29.78,0.0010818028927010344
2024-12-18,600837.XSHG,2024-12-17,14:46:00,11.43,2024-12-18,14:56:00,11.44,0.0002748906386701894
2024-12-19,600340.XSHG,2024-12-18,14:46:00,3.19,2024-12-19,14:56:00,3.09,-0.0319479623824452
2024-12-19,512690.XSHG,2024-12-18,14:46:00,0.633,2024-12-19,14:56:00,0.625,-0.013238230647709303
2024-12-19,510500.XSHG,2024-12-18,14:46:00,5.867,2024-12-19,14:56:00,5.9,0.005024680415885486
2024-12-19,600104.XSHG,2024-12-18,14:46:00,18.76,2024-12-19,14:56:00,18.23,-0.02885159914712161
2024-12-19,600276.XSHG,2024-12-18,14:46:00,46.37,2024-12-19,14:56:00,46.34,-0.0012469700237221597
2024-12-20,000333.XSHE,2024-12-19,14:46:00,71.13,2024-12-20,14:56:00,70.57,-0.008472908758611019
2024-12-20,600519.XSHG,2024-12-19,14:46:00,1499.84,2024-12-20,14:56:00,1494.71,-0.004020364838916057
2024-12-20,512760.XSHG,2024-12-19,14:46:00,1.124,2024-12-20,14:56:00,1.16,0.03142846975088946
2024-12-20,600340.XSHG,2024-12-19,14:46:00,3.09,2024-12-20,14:56:00,3.11,0.0058724919093850365
2024-12-20,601398.XSHG,2024-12-19,14:46:00,6.23,2024-12-20,14:56:00,6.28,0.007425682182985605
2024-12-23,600276.XSHG,2024-12-20,14:46:00,46.13,2024-12-23,14:56:00,45.7,-0.00992148276609579
2024-12-23,601318.XSHG,2024-12-20,14:46:00,51.11,2024-12-23,14:56:00,51.61,0.009182821365681871
2024-12-23,512800.XSHG,2024-12-20,14:46:00,0.714,2024-12-23,14:56:00,0.726,0.01620672268907557
2024-12-23,000333.XSHE,2024-12-20,14:46:00,70.53,2024-12-23,14:56:00,71.11,0.007623451013752881
2024-12-23,510300.XSHG,2024-12-20,14:46:00,3.93,2024-12-23,14:56:00,3.934,0.0004178117048345037
2024-12-24,600104.XSHG,2024-12-23,14:46:00,18.05,2024-12-24,14:56:00,18.54,0.026546814404432007
2024-12-24,600837.XSHG,2024-12-23,14:46:00,11.32,2024-12-24,14:56:00,11.49,0.014417667844522853
2024-12-24,512760.XSHG,2024-12-23,14:46:00,1.143,2024-12-24,14:56:00,1.159,0.013398250218722586
2024-12-24,000002.XSHE,2024-12-23,14:46:00,7.66,2024-12-24,14:56:00,7.72,0.007232898172323688
2024-12-24,000858.XSHE,2024-12-23,14:46:00,136.17,2024-12-24,14:56:00,137.08,0.0060828229419111375
2024-12-25,601857.XSHG,2024-12-24,14:46:00,8.55,2024-12-25,14:56:00,8.77,0.025130994152046716
2024-12-25,601398.XSHG,2024-12-24,14:46:00,6.5,2024-12-25,14:56:00,6.66,0.024015384615384706
2024-12-25,000002.XSHE,2024-12-24,14:46:00,7.71,2024-12-25,14:56:00,7.53,-0.023946303501945442
2024-12-25,601166.XSHG,2024-12-24,14:46:00,18.16,2024-12-25,14:56:00,18.34,0.009311894273127775
2024-12-25,000001.XSHE,2024-12-24,14:46:00,11.5,2024-12-25,14:56:00,11.55,0.003747826086956497
2024-12-26,512760.XSHG,2024-12-25,14:46:00,1.157,2024-12-26,14:56:00,1.179,0.018414693171996555
2024-12-26,600276.XSHG,2024-12-25,14:46:00,46.38,2024-12-26,14:56:00,45.9,-0.010949288486416697
2024-12-26,159915.XSHE,2024-12-25,14:46:00,2.153,2024-12-26,14:56:00,2.166,0.005438086391082054
2024-12-26,000001.XSHE,2024-12-25,14:46:00,11.54,2024-12-26,14:56:00,11.51,-0.0031996533795493713
2024-12-26,600030.XSHG,2024-12-25,14:46:00,29.79,2024-12-26,14:56:00,29.87,0.0020854649211145444
2024-12-27,600340.XSHG,2024-12-26,14:46:00,2.99,2024-12-27,14:56:00,2.94,-0.017322408026755953
2024-12-27,601857.XSHG,2024-12-26,14:46:00,8.71,2024-12-27,14:56:00,8.67,-0.005192422502870397
2024-12-27,600104.XSHG,2024-12-26,14:46:00,18.74,2024-12-27,14:56:00,19.66,0.048492849519744016
2024-12-27,600837.XSHG,2024-12-26,14:46:00,11.32,2024-12-27,14:56:00,11.37,0.003816961130741859
2024-12-27,600030.XSHG,2024-12-26,14:46:00,29.88,2024-12-27,14:56:00,29.93,0.0010733601070950678
2024-12-30,601398.XSHG,2024-12-27,14:46:00,6.62,2024-12-30,14:56:00,6.65,0.003931722054380794
2024-12-30,512800.XSHG,2024-12-27,14:46:00,0.741,2024-12-30,14:56:00,0.751,0.012895276653171295
2024-12-30,600837.XSHG,2024-12-27,14:46:00,11.38,2024-12-30,14:56:00,11.4,0.0011574692442881014
2024-12-30,600036.XSHG,2024-12-27,14:46:00,37.64,2024-12-30,14:56:00,38.03,0.009761317747077603
2024-12-30,601857.XSHG,2024-12-27,14:46:00,8.66,2024-12-30,14:56:00,8.75,0.009792609699769073
2024-12-31,000333.XSHE,2024-12-30,14:46:00,71.89,2024-12-31,14:56:00,71.89,-0.0006
2024-12-31,601857.XSHG,2024-12-30,14:46:00,8.74,2024-12-31,14:56:00,8.7,-0.005176659038901698
2024-12-31,600036.XSHG,2024-12-30,14:46:00,38.0,2024-12-31,14:56:00,37.7,-0.008494736842105177
2024-12-31,601398.XSHG,2024-12-30,14:46:00,6.66,2024-12-31,14:56:00,6.65,-0.002101501501501523
2024-12-31,601166.XSHG,2024-12-30,14:46:00,18.68,2024-12-31,14:56:00,18.35,-0.018265952890792202
2025-01-02,000001.XSHE,2024-12-31,14:46:00,11.41,2025-01-02,14:56:00,11.08,-0.02952199824715158
2025-01-02,600030.XSHG,2024-12-31,14:46:00,29.23,2025-01-02,14:56:00,27.23,-0.06902285323297981
2025-01-02,601166.XSHG,2024-12-31,14:46:00,18.44,2025-01-02,14:56:00,18.06,-0.021207375271149864
2025-01-02,600837.XSHG,2024-12-31,14:46:00,11.23,2025-01-02,14:56:00,10.69,-0.04868548530721291
2025-01-02,600000.XSHG,2024-12-31,14:46:00,10.06,2025-01-02,14:56:00,9.83,-0.023462823061630233
2025-01-03,159915.XSHE,2025-01-02,14:46:00,2.002,2025-01-03,14:56:00,1.979,-0.012088511488511377
2025-01-03,510500.XSHG,2025-01-02,14:46:00,5.493,2025-01-03,14:56:00,5.426,-0.012797342071727735
2025-01-03,512800.XSHG,2025-01-02,14:46:00,0.723,2025-01-03,14:56:00,0.721,-0.0033662517289073206
2025-01-03,600000.XSHG,2025-01-02,14:46:00,9.77,2025-01-03,14:56:00,9.75,-0.0026470829068577333
2025-01-03,512690.XSHG,2025-01-02,14:46:00,0.597,2025-01-03,14:56:00,0.593,-0.0073001675041875595
2025-01-06,600340.XSHG,2025-01-03,14:46:00,2.51,2025-01-06,14:56:00,2.4,-0.04442470119521909
2025-01-06,600104.XSHG,2025-01-03,14:46:00,18.08,2025-01-06,14:56:00,17.8,-0.01608672566371667
2025-01-06,510500.XSHG,2025-01-03,14:46:00,5.435,2025-01-06,14:56:00,5.418,-0.0037278748850045444
2025-01-06,512800.XSHG,2025-01-03,14:46:00,0.722,2025-01-06,14:56:00,0.727,0.006325207756232732
2025-01-06,601166.XSHG,2025-01-03,14:46:00,18.1,2025-01-06,14:56:00,18.36,0.013764640883977709
2025-01-07,600000.XSHG,2025-01-06,14:46:00,9.83,2025-01-07,14:56:00,9.99,0.015676703967446515
2025-01-07,000858.XSHE,2025-01-06,14:46:00,125.07,2025-01-07,14:56:00,125.18,0.0002795074758136679
2025-01-07,512760.XSHG,2025-01-06,14:46:00,1.042,2025-01-07,14:56:00,1.087,0.04258618042226485
2025-01-07,600519.XSHG,2025-01-06,14:46:00,1413.79,2025-01-07,14:56:00,1413.55,-0.0007697564701971243
2025-01-07,601166.XSHG,2025-01-06,14:46:00,18.36,2025-01-07,14:56:00,18.55,0.009748583877995754
2025-01-08,000333.XSHE,2025-01-07,14:46:00,72.43,2025-01-08,14:56:00,73.98,0.020799972387132316
2025-01-08,601318.XSHG,2025-01-07,14:46:00,48.71,2025-01-08,14:56:00,48.88,0.002890043112297281
2025-01-08,600519.XSHG,2025-01-07,14:46:00,1414.73,2025-01-08,14:56:00,1414.49,-0.0007696436775922016
2025-01-08,601166.XSHG,2025-01-07,14:46:00,18.57,2025-01-08,14:56:00,18.76,0.009631556273559539
2025-01-08,159928.XSHE,2025-01-07,14:46:00,0.78,2025-01-08,14:56:00,0.781,0.0006820512820512775
2025-01-09,159915.XSHE,2025-01-08,14:46:00,1.971,2025-01-09,14:56:00,1.971,-0.0006
2025-01-09,512760.XSHG,2025-01-08,14:46:00,1.092,2025-01-09,14:56:00,1.091,-0.0015157509157510234
2025-01-09,600104.XSHG,2025-01-08,14:46:00,17.75,2025-01-09,14:56:00,17.32,-0.02482535211267607
2025-01-09,600030.XSHG,2025-01-08,14:46:00,26.77,2025-01-09,14:56:00,26.66,-0.004709077325364141
2025-01-09,510500.XSHG,2025-01-08,14:46:00,5.459,2025-01-09,14:56:00,5.452,-0.0018822861329913058
2025-01-10,600104.XSHG,2025-01-09,14:46:00,17.31,2025-01-10,14:56:00,17.58,0.014997920277296229
2025-01-10,600340.XSHG,2025-01-09,14:46:00,2.48,2025-01-10,14:56:00,2.35,-0.053019354838709634
2025-01-10,600276.XSHG,2025-01-09,14:46:00,43.0,2025-01-10,14:56:00,42.54,-0.011297674418604697
2025-01-10,601398.XSHG,2025-01-09,14:46:00,6.57,2025-01-10,14:56:00,6.55,-0.003644140030441511
2025-01-10,600000.XSHG,2025-01-09,14:46:00,9.92,2025-01-10,14:56:00,9.86,-0.0066483870967742435
2025-01-13,159915.XSHE,2025-01-10,14:46:00,1.946,2025-01-13,14:56:00,1.942,-0.002655498458376159
2025-01-13,000858.XSHE,2025-01-10,14:46:00,123.25,2025-01-13,14:56:00,123.41,0.0006981744421907138
2025-01-13,512760.XSHG,2025-01-10,14:46:00,1.092,2025-01-13,14:56:00,1.082,-0.009757509157509125
2025-01-13,512010.XSHG,2025-01-10,14:46:00,0.338,2025-01-13,14:56:00,0.338,-0.0006
2025-01-13,600104.XSHG,2025-01-10,14:46:00,17.64,2025-01-13,14:56:00,16.21,-0.08166575963718821
2025-01-14,600104.XSHG,2025-01-13,14:46:00,16.19,2025-01-14,14:56:00,16.94,0.04572489190858546
2025-01-14,512800.XSHG,2025-01-13,14:46:00,0.719,2025-01-14,14:56:00,0.73,0.014699026425591222
2025-01-14,000333.XSHE,2025-01-13,14:46:00,70.77,2025-01-14,14:56:00,71.33,0.007312957467853588
2025-01-14,512010.XSHG,2025-01-13,14:46:00,0.337,2025-01-14,14:56:00,0.347,0.029073590504450953
2025-01-14,512690.XSHG,2025-01-13,14:46:00,0.57,2025-01-14,14:56:00,0.587,0.029224561403508865
2025-01-15,600340.XSHG,2025-01-14,14:46:00,2.49,2025-01-15,14:56:00,2.48,-0.004616064257028162
2025-01-15,601398.XSHG,2025-01-14,14:46:00,6.48,2025-01-15,14:56:00,6.5,0.0024864197530864336
2025-01-15,512690.XSHG,2025-01-14,14:46:00,0.585,2025-01-15,14:56:00,0.584,-0.002309401709401703
2025-01-15,600000.XSHG,2025-01-14,14:46:00,9.84,2025-01-15,14:56:00,9.91,0.006513821138211352
2025-01-15,601318.XSHG,2025-01-14,14:46:00,47.95,2025-01-15,14:56:00,47.75,-0.004771011470281649
2025-01-16,512690.XSHG,2025-01-15,14:46:00,0.583,2025-01-16,14:56:00,0.58,-0.005745797598627766
2025-01-16,512760.XSHG,2025-01-15,14:46:00,1.117,2025-01-16,14:56:00,1.096,-0.019400358102059045
2025-01-16,600030.XSHG,2025-01-15,14:46:00,27.08,2025-01-16,14:56:00,27.0,-0.0035542097488921558
2025-01-16,159928.XSHE,2025-01-15,14:46:00,0.778,2025-01-16,14:56:00,0.775,-0.004456041131105381
2025-01-16,000333.XSHE,2025-01-15,14:46:00,70.3,2025-01-16,14:56:00,70.6,0.0036674253200567504
2025-01-17,512760.XSHG,2025-01-16,14:46:00,1.098,2025-01-17,14:56:00,1.117,0.01670418943533696
2025-01-17,600340.XSHG,2025-01-16,14:46:00,2.49,2025-01-17,14:56:00,2.52,0.011448192771084265
2025-01-17,600030.XSHG,2025-01-16,14:46:00,27.01,2025-01-17,14:56:00,27.08,0.0019916327286188425
2025-01-17,600276.XSHG,2025-01-16,14:46:00,42.8,2025-01-17,14:56:00,42.71,-0.0027028037383176155
2025-01-17,000002.XSHE,2025-01-16,14:46:00,6.89,2025-01-17,14:56:00,6.62,-0.03978722786647311
2025-01-20,512760.XSHG,2025-01-17,14:46:00,1.115,2025-01-20,14:56:00,1.117,0.0011937219730941313
2025-01-20,600340.XSHG,2025-01-17,14:46:00,2.51,2025-01-20,14:56:00,2.46,-0.020520318725099584
2025-01-20,159915.XSHE,2025-01-17,14:46:00,2.024,2025-01-20,14:56:00,2.063,0.018668774703557368
2025-01-20,512690.XSHG,2025-01-17,14:46:00,0.584,2025-01-20,14:56:00,0.591,0.011386301369863117
2025-01-20,600276.XSHG,2025-01-17,14:46:00,42.64,2025-01-20,14:56:00,44.31,0.03856510318949351
2025-01-21,600104.XSHG,2025-01-20,14:46:00,16.97,2025-01-21,14:56:00,16.79,-0.011206953447259815
2025-01-21,600340.XSHG,2025-01-20,14:46:00,2.46,2025-01-21,14:56:00,2.55,0.035985365853658566
2025-01-21,600030.XSHG,2025-01-20,14:46:00,27.12,2025-01-21,14:56:00,27.17,0.0012436578171092678
2025-01-21,601318.XSHG,2025-01-20,14:46:00,48.46,2025-01-21,14:56:00,48.46,-0.0006
2025-01-21,159915.XSHE,2025-01-20,14:46:00,2.057,2025-01-21,14:56:00,2.069,0.005233738454059212
2025-01-22,000002.XSHE,2025-01-21,14:46:00,7.35,2025-01-22,14:56:00,7.02,-0.045497959183673456
2025-01-22,600340.XSHG,2025-01-21,14:46:00,2.54,2025-01-22,14:56:00,2.38,-0.06359212598425208
2025-01-22,600036.XSHG,2025-01-21,14:46:00,38.43,2025-01-22,14:56:00,37.78,-0.017513869372885748
2025-01-22,600000.XSHG,2025-01-21,14:46:00,10.06,2025-01-22,14:56:00,9.74,-0.03240914512922473
2025-01-22,600030.XSHG,2025-01-21,14:46:00,27.16,2025-01-22,14:56:00,27.0,-0.00649101620029453
2025-01-23,600340.XSHG,2025-01-22,14:46:00,2.38,2025-01-23,14:56:00,2.35,-0.013205042016806678
2025-01-23,601857.XSHG,2025-01-22,14:46:00,8.0,2025-01-23,14:56:00,8.03,0.0031499999999999202
2025-01-23,601398.XSHG,2025-01-22,14:46:00,6.31,2025-01-23,14:56:00,6.53,0.034265293185420084
2025-01-23,512690.XSHG,2025-01-22,14:46:00,0.574,2025-01-23,14:56:00,0.575,0.0011421602787457415
2025-01-23,512800.XSHG,2025-01-22,14:46:00,0.722,2025-01-23,14:56:00,0.74,0.024330747922437657
2025-01-24,600340.XSHG,2025-01-23,14:46:00,2.35,2025-01-24,14:56:00,2.31,-0.017621276595744705
2025-01-24,601398.XSHG,2025-01-23,14:46:00,6.51,2025-01-24,14:56:00,6.55,0.005544393241167334
2025-01-24,000002.XSHE,2025-01-23,14:46:00,7.38,2025-01-24,14:56:00,7.38,-0.0006
2025-01-24,000858.XSHE,2025-01-23,14:46:00,125.61,2025-01-24,14:56:00,124.54,-0.009118430061300819
2025-01-24,159915.XSHE,2025-01-23,14:46:00,2.056,2025-01-24,14:56:00,2.082,0.012045914396887115
2025-01-27,600000.XSHG,2025-01-24,14:46:00,10.11,2025-01-27,14:56:00,10.35,0.023138872403560762
2025-01-27,000333.XSHE,2025-01-24,14:46:00,69.44,2025-01-27,14:56:00,70.75,0.01826520737327202
2025-01-27,601318.XSHG,2025-01-24,14:46:00,49.57,2025-01-27,14:56:00,49.44,-0.0032225539640912786
2025-01-27,600036.XSHG,2025-01-24,14:46:00,38.68,2025-01-27,14:56:00,39.04,0.008707135470527417
2025-01-27,512800.XSHG,2025-01-24,14:46:00,0.742,2025-01-27,14:56:00,0.752,0.012877088948786964
2025-02-05,600340.XSHG,2025-01-27,14:46:00,2.23,2025-02-05,14:56:00,2.26,0.012852914798206095
2025-02-05,600030.XSHG,2025-01-27,14:46:00,26.77,2025-02-05,14:56:00,26.72,-0.0024677624206201447
2025-02-05,512760.XSHG,2025-01-27,14:46:00,1.092,2025-02-05,14:56:00,1.122,0.026872527472527597
2025-02-05,600104.XSHG,2025-01-27,14:46:00,17.1,2025-02-05,14:56:00,16.99,-0.007032748538011901
2025-02-05,159915.XSHE,2025-01-27,14:46:00,2.034,2025-02-05,14:56:00,2.023,-0.0060080629301866965
2025-02-06,600519.XSHG,2025-02-05,14:46:00,1377.13,2025-02-06,14:56:00,1385.46,0.00544881165903004
2025-02-06,600000.XSHG,2025-02-05,14:46:00,10.11,2025-02-06,14:56:00,10.12,0.0003891196834816985
2025-02-06,512690.XSHG,2025-02-05,14:46:00,0.56,2025-02-06,14:56:00,0.563,0.004757142857142616
2025-02-06,512800.XSHG,2025-02-05,14:46:00,0.739,2025-02-06,14:56:00,0.74,0.0007531799729364913
2025-02-06,159928.XSHE,2025-02-05,14:46:00,0.76,2025-02-06,14:56:00,0.763,0.0033473684210526995
2025-02-07,600837.XSHG,2025-02-06,14:46:00,10.41,2025-02-07,14:56:00,10.41,-0.0006
2025-02-07,159928.XSHE,2025-02-06,14:46:00,0.762,2025-02-07,14:56:00,0.771,0.011211023622047223
2025-02-07,600340.XSHG,2025-02-06,14:46:00,2.27,2025-02-07,14:56:00,2.37,0.043452863436123465
2025-02-07,601318.XSHG,2025-02-06,14:46:00,48.78,2025-02-07,14:56:00,49.44,0.012930135301353052
2025-02-07,000333.XSHE,2025-02-06,14:46:00,68.8,2025-02-07,14:56:00,69.87,0.01495232558139541
2025-02-10,600000.XSHG,2025-02-07,14:46:00,10.03,2025-02-10,14:56:00,9.98,-0.0055850448654036315
2025-02-10,601398.XSHG,2025-02-07,14:46:00,6.53,2025-02-10,14:56:00,6.56,0.0039941807044409534
2025-02-10,601166.XSHG,2025-02-07,14:46:00,19.2,2025-02-10,14:56:00,19.46,0.012941666666666785
2025-02-10,000001.XSHE,2025-02-07,14:46:00,11.02,2025-02-10,14:56:00,11.08,0.004844646098003769
2025-02-10,512800.XSHG,2025-02-07,14:46:00,0.737,2025-02-10,14:56:00,0.739,0.0021137042062415075
2025-02-11,600000.XSHG,2025-02-10,14:46:00,9.99,2025-02-11,14:56:00,10.02,0.0024030030030030465
2025-02-11,601166.XSHG,2025-02-10,14:46:00,19.47,2025-02-11,14:56:00,19.43,-0.0026544427324088453
2025-02-11,000001.XSHE,2025-02-10,14:46:00,11.07,2025-02-11,14:56:00,11.07,-0.0006
2025-02-11,601318.XSHG,2025-02-10,14:46:00,49.5,2025-02-11,14:56:00,49.07,-0.009286868686868632
2025-02-11,600104.XSHG,2025-02-10,14:46:00,18.09,2025-02-11,14:56:00,18.91,0.044728911000552804
2025-02-12,600104.XSHG,2025-02-11,14:46:00,18.49,2025-02-12,14:56:00,18.32,-0.00979415900486742
2025-02-12,000002.XSHE,2025-02-11,14:46:00,7.23,2025-02-12,14:56:00,7.96,0.10036818810511743
2025-02-12,159915.XSHE,2025-02-11,14:46:00,2.111,2025-02-12,14:56:00,2.15,0.01787465656087155
2025-02-12,512010.XSHG,2025-02-11,14:46:00,0.353,2025-02-12,14:56:00,0.354,0.002232861189801639
2025-02-12,159928.XSHE,2025-02-11,14:46:00,0.761,2025-02-12,14:56:00,0.77,0.01122654402102501
2025-02-13,600104.XSHG,2025-02-12,14:46:00,18.29,2025-02-13,14:56:00,18.43,0.007054455986878084
2025-02-13,600837.XSHG,2025-02-12,14:46:00,10.41,2025-02-13,14:56:00,10.41,-0.0006
2025-02-13,000001.XSHE,2025-02-12,14:46:00,11.04,2025-02-13,14:56:00,11.15,0.009363768115942129
2025-02-13,601398.XSHG,2025-02-12,14:46:00,6.76,2025-02-13,14:56:00,6.82,0.00827573964497057
2025-02-13,600000.XSHG,2025-02-12,14:46:00,10.08,2025-02-13,14:56:00,10.02,-0.006552380952381042
2025-02-14,000002.XSHE,2025-02-13,14:46:00,7.96,2025-02-14,14:56:00,7.8,-0.02070050251256279
2025-02-14,600030.XSHG,2025-02-13,14:46:00,27.9,2025-02-14,14:56:00,27.99,0.002625806451612856
2025-02-14,512760.XSHG,2025-02-13,14:46:00,1.181,2025-02-14,14:56:00,1.177,-0.003986960203217604
2025-02-14,512690.XSHG,2025-02-13,14:46:00,0.59,2025-02-14,14:56:00,0.589,-0.0022949152542372613
2025-02-14,601318.XSHG,2025-02-13,14:46:00,49.71,2025-02-14,14:56:00,50.24,0.010061838664252743
2025-02-17,600104.XSHG,2025-02-14,14:46:00,18.29,2025-02-17,14:56:00,18.36,0.003227227993439042
2025-02-17,601857.XSHG,2025-02-14,14:46:00,7.87,2025-02-17,14:56:00,7.82,-0.006953240152477735
2025-02-17,000333.XSHE,2025-02-14,14:46:00,69.1,2025-02-17,14:56:00,68.69,-0.0065334298118668414
2025-02-17,600837.XSHG,2025-02-14,14:46:00,10.41,2025-02-17,14:56:00,10.41,-0.0006
2025-02-17,601398.XSHG,2025-02-14,14:46:00,6.84,2025-02-17,14:56:00,6.82,-0.0035239766081871064
2025-02-18,601398.XSHG,2025-02-17,14:46:00,6.82,2025-02-18,14:56:00,6.95,0.018461583577712593
2025-02-18,000002.XSHE,2025-02-17,14:46:00,7.68,2025-02-18,14:56:00,7.51,-0.02273541666666663
2025-02-18,600104.XSHG,2025-02-17,14:46:00,18.36,2025-02-18,14:56:00,17.48,-0.04853028322440085
2025-02-18,600000.XSHG,2025-02-17,14:46:00,9.95,2025-02-18,14:56:00,10.16,0.02050552763819107
2025-02-18,512800.XSHG,2025-02-17,14:46:00,0.752,2025-02-18,14:56:00,0.761,0.01136808510638303
2025-02-19,600104.XSHG,2025-02-18,14:46:00,17.48,2025-02-19,14:56:00,17.57,0.004548741418764313
2025-02-19,601318.XSHG,2025-02-18,14:46:00,49.85,2025-02-19,14:56:00,49.99,0.0022084252758275864
2025-02-19,600030.XSHG,2025-02-18,14:46:00,27.3,2025-02-19,14:56:00,27.74,0.01551721611721606
2025-02-19,512760.XSHG,2025-02-18,14:46:00,1.169,2025-02-19,14:56:00,1.217,0.040460735671514245
2025-02-19,000858.XSHE,2025-02-18,14:46:00,126.88,2025-02-19,14:56:00,127.7,0.005862799495586369
2025-02-20,600340.XSHG,2025-02-19,14:46:00,2.59,2025-02-20,14:56:00,2.57,-0.008322007722007706
2025-02-20,600030.XSHG,2025-02-19,14:46:00,27.74,2025-02-20,14:56:00,27.64,-0.004204902667627918
2025-02-20,600000.XSHG,2025-02-19,14:46:00,10.14,2025-02-20,14:56:00,10.09,-0.005530966469428033
2025-02-20,601398.XSHG,2025-02-19,14:46:00,6.9,2025-02-20,14:56:00,6.93,0.003747826086956497
2025-02-20,601857.XSHG,2025-02-19,14:46:00,7.75,2025-02-20,14:56:00,7.78,0.003270967741935516
2025-02-21,600519.XSHG,2025-02-20,14:46:00,1445.67,2025-02-21,14:56:00,1459.4,0.00889732649913182
2025-02-21,000333.XSHE,2025-02-20,14:46:00,67.95,2025-02-21,14:56:00,67.43,-0.008252685798381076
2025-02-21,000858.XSHE,2025-02-20,14:46:00,127.16,2025-02-21,14:56:00,127.8,0.0044330292544824575
2025-02-21,510500.XSHG,2025-02-20,14:46:00,5.955,2025-02-21,14:56:00,6.053,0.0158567590260285
2025-02-21,512760.XSHG,2025-02-20,14:46:00,1.211,2025-02-21,14:56:00,1.275,0.052248885218827354
2025-02-24,600340.XSHG,2025-02-21,14:46:00,2.6,2025-02-24,14:56:00,2.6,-0.0006
2025-02-24,512760.XSHG,2025-02-21,14:46:00,1.274,2025-02-24,14:56:00,1.279,0.0033246467817894983
2025-02-24,600276.XSHG,2025-02-21,14:46:00,48.1,2025-02-24,14:56:00,47.93,-0.004134303534303618
2025-02-24,601398.XSHG,2025-02-21,14:46:00,6.79,2025-02-24,14:56:00,6.75,-0.00649101620029453
2025-02-24,512800.XSHG,2025-02-21,14:46:00,0.746,2025-02-24,14:56:00,0.741,-0.007302412868632712
2025-02-25,601857.XSHG,2025-02-24,14:46:00,7.68,2025-02-25,14:56:00,7.59,-0.01231875
2025-02-25,000858.XSHE,2025-02-24,14:46:00,128.41,2025-02-25,14:56:00,125.53,-0.023028159800638503
2025-02-25,601166.XSHG,2025-02-24,14:46:00,19.58,2025-02-25,14:56:00,19.49,-0.005196527068437162
2025-02-25,600837.XSHG,2025-02-24,14:46:00,10.41,2025-02-25,14:56:00,10.41,-0.0006
2025-02-25,600340.XSHG,2025-02-24,14:46:00,2.6,2025-02-25,14:56:00,2.64,0.01478461538461533
2025-02-26,512760.XSHG,2025-02-25,14:46:00,1.272,2025-02-26,14:56:00,1.297,0.019054088050314433
2025-02-26,510500.XSHG,2025-02-25,14:46:00,5.963,2025-02-26,14:56:00,6.045,0.01315146738219013
2025-02-26,159915.XSHE,2025-02-25,14:46:00,2.193,2025-02-26,14:56:00,2.224,0.013535886912904683
2025-02-26,600340.XSHG,2025-02-25,14:46:00,2.62,2025-02-26,14:56:00,2.72,0.03756793893129766
2025-02-26,510300.XSHG,2025-02-25,14:46:00,3.924,2025-02-26,14:56:00,3.964,0.009593679918450549
2025-02-27,512010.XSHG,2025-02-26,14:46:00,0.365,2025-02-27,14:56:00,0.367,0.004879452054794498
2025-02-27,512760.XSHG,2025-02-26,14:46:00,1.297,2025-02-27,14:56:00,1.292,-0.004455050115651459
2025-02-27,000333.XSHE,2025-02-26,14:46:00,66.81,2025-02-27,14:56:00,69.11,0.033825984134111683
2025-02-27,601166.XSHG,2025-02-26,14:46:00,19.53,2025-02-27,14:56:00,19.98,0.02244147465437789
2025-02-27,601857.XSHG,2025-02-26,14:46:00,7.56,2025-02-27,14:56:00,7.65,0.011304761904762085
2025-02-28,000858.XSHE,2025-02-27,14:46:00,129.27,2025-02-28,14:56:00,128.23,-0.008645176761816486
2025-02-28,000001.XSHE,2025-02-27,14:46:00,11.26,2025-02-28,14:56:00,11.16,-0.00948099467140313
2025-02-28,600837.XSHG,2025-02-27,14:46:00,10.41,2025-02-28,14:56:00,10.41,-0.0006
2025-02-28,600340.XSHG,2025-02-27,14:46:00,2.64,2025-02-28,14:56:00,2.66,0.006975757575757569
2025-02-28,512690.XSHG,2025-02-27,14:46:00,0.605,2025-02-28,14:56:00,0.603,-0.003905785123966953
2025-03-03,600340.XSHG,2025-02-28,14:46:00,2.66,2025-03-03,14:56:00,2.65,-0.00435939849624074
2025-03-03,600030.XSHG,2025-02-28,14:46:00,27.2,2025-03-03,14:56:00,27.15,-0.0024382352941176404
2025-03-03,159915.XSHE,2025-02-28,14:46:00,2.13,2025-03-03,14:56:00,2.155,0.011137089201877993
2025-03-03,000002.XSHE,2025-02-28,14:46:00,7.78,2025-03-03,14:56:00,7.8,0.0019706940874035135
2025-03-03,512760.XSHG,2025-02-28,14:46:00,1.234,2025-03-03,14:56:00,1.213,-0.017617828200972418
2025-03-04,000858.XSHE,2025-03-03,14:46:00,127.34,2025-03-04,14:56:00,126.41,-0.007903282550651824
2025-03-04,512010.XSHG,2025-03-03,14:46:00,0.358,2025-03-04,14:56:00,0.358,-0.0006
2025-03-04,000333.XSHE,2025-03-03,14:46:00,67.77,2025-03-04,14:56:00,68.59,0.011499749151541994
2025-03-04,600276.XSHG,2025-03-03,14:46:00,45.75,2025-03-04,14:56:00,45.7,-0.0016928961748633002
2025-03-04,510500.XSHG,2025-03-03,14:46:00,5.867,2025-03-04,14:56:00,5.929,0.00996758138742131
2025-03-05,512010.XSHG,2025-03-04,14:46:00,0.358,2025-03-05,14:56:00,0.357,-0.0033932960893854995
2025-03-05,601166.XSHG,2025-03-04,14:46:00,19.9,2025-03-05,14:56:00,20.15,0.011962814070351758
2025-03-05,600036.XSHG,2025-03-04,14:46:00,40.11,2025-03-05,14:56:00,41.08,0.02358349538768383
2025-03-05,512800.XSHG,2025-03-04,14:46:00,0.743,2025-03-05,14:56:00,0.755,0.015550740242261153
2025-03-05,600000.XSHG,2025-03-04,14:46:00,9.81,2025-03-05,14:56:00,9.94,0.012651783893985625
2025-03-06,600340.XSHG,2025-03-05,14:46:00,2.51,2025-03-06,14:56:00,2.57,0.0233043824701195
2025-03-06,512010.XSHG,2025-03-05,14:46:00,0.355,2025-03-06,14:56:00,0.361,0.016301408450704203
2025-03-06,000002.XSHE,2025-03-05,14:46:00,7.52,2025-03-06,14:56:00,7.77,0.0326446808510638
2025-03-06,601166.XSHG,2025-03-05,14:46:00,20.15,2025-03-06,14:56:00,20.18,0.0008888337468983437
2025-03-06,000333.XSHE,2025-03-05,14:46:00,68.18,2025-03-06,14:56:00,67.89,-0.004853446758580304
2025-03-07,600340.XSHG,2025-03-06,14:46:00,2.57,2025-03-07,14:56:00,2.48,-0.03561945525291828
2025-03-07,512010.XSHG,2025-03-06,14:46:00,0.36,2025-03-07,14:56:00,0.358,-0.006155555555555536
2025-03-07,600276.XSHG,2025-03-06,14:46:00,46.26,2025-03-07,14:56:00,45.54,-0.016164202334630295
2025-03-07,600000.XSHG,2025-03-06,14:46:00,9.84,2025-03-07,14:56:00,9.85,0.00041626016260158996
2025-03-07,600030.XSHG,2025-03-06,14:46:00,27.74,2025-03-07,14:56:00,27.34,-0.015019610670511895
2025-03-10,512010.XSHG,2025-03-07,14:46:00,0.356,2025-03-10,14:56:00,0.359,0.007826966292134797
2025-03-10,600000.XSHG,2025-03-07,14:46:00,9.83,2025-03-10,14:56:00,9.8,-0.003651881993896166
2025-03-10,600036.XSHG,2025-03-07,14:46:00,41.74,2025-03-10,14:56:00,41.28,-0.011620603737422196
2025-03-10,600276.XSHG,2025-03-07,14:46:00,45.43,2025-03-10,14:56:00,45.38,-0.0017005943209332346
2025-03-10,600340.XSHG,2025-03-07,14:46:00,2.47,2025-03-10,14:56:00,2.46,-0.004648582995951455
2025-03-11,601398.XSHG,2025-03-10,14:46:00,6.61,2025-03-11,14:56:00,6.63,0.00242571860816947
2025-03-11,600030.XSHG,2025-03-10,14:46:00,26.99,2025-03-11,14:56:00,27.04,0.0012525379770284457
2025-03-11,600036.XSHG,2025-03-10,14:46:00,41.25,2025-03-11,14:56:00,41.73,0.011036363636363667
2025-03-11,000001.XSHE,2025-03-10,14:46:00,11.23,2025-03-11,14:56:00,11.25,0.0011809439002671736
2025-03-11,600000.XSHG,2025-03-10,14:46:00,9.78,2025-03-11,14:56:00,9.8,0.0014449897750511871
2025-03-12,512010.XSHG,2025-03-11,14:46:00,0.359,2025-03-12,14:56:00,0.358,-0.0033855153203342196
2025-03-12,512760.XSHG,2025-03-11,14:46:00,1.253,2025-03-12,14:56:00,1.251,-0.002196169193934571
2025-03-12,601398.XSHG,2025-03-11,14:46:00,6.62,2025-03-12,14:56:00,6.59,-0.005131722054380682
2025-03-12,000333.XSHE,2025-03-11,14:46:00,67.51,2025-03-12,14:56:00,66.89,-0.009783824618575142
2025-03-12,601318.XSHG,2025-03-11,14:46:00,49.89,2025-03-12,14:56:00,49.69,-0.004608819402685937
2025-03-13,512760.XSHG,2025-03-12,14:46:00,1.256,2025-03-13,14:56:00,1.218,-0.030854777070063743
2025-03-13,159915.XSHE,2025-03-12,14:46:00,2.154,2025-03-13,14:56:00,2.124,-0.01452757660167121
2025-03-13,510500.XSHG,2025-03-12,14:46:00,6.047,2025-03-13,14:56:00,5.988,-0.010356904250041276
2025-03-13,600000.XSHG,2025-03-12,14:46:00,9.82,2025-03-13,14:56:00,9.9,0.007546639511201537
2025-03-13,600340.XSHG,2025-03-12,14:46:00,2.46,2025-03-13,14:56:00,2.38,-0.0331203252032521
2025-03-14,600340.XSHG,2025-03-13,14:46:00,2.38,2025-03-14,14:56:00,2.44,0.024610084033613578
2025-03-14,000333.XSHE,2025-03-13,14:46:00,66.96,2025-03-14,14:56:00,68.46,0.02180143369175618
2025-03-14,600104.XSHG,2025-03-13,14:46:00,15.24,2025-03-14,14:56:00,15.51,0.017116535433070835
2025-03-14,600036.XSHG,2025-03-13,14:46:00,41.98,2025-03-14,14:56:00,43.26,0.029890709861838994
2025-03-14,601857.XSHG,2025-03-13,14:46:00,7.58,2025-03-14,14:56:00,7.62,0.004677044854881341
2025-03-17,000858.XSHE,2025-03-14,14:46:00,137.09,2025-03-17,14:56:00,136.32,-0.00621674812167201
2025-03-17,512690.XSHG,2025-03-14,14:46:00,0.652,2025-03-17,14:56:00,0.652,-0.0006
2025-03-17,600030.XSHG,2025-03-14,14:46:00,27.81,2025-03-17,14:56:00,27.63,-0.007072491909385147
2025-03-17,600104.XSHG,2025-03-14,14:46:00,15.5,2025-03-17,14:56:00,15.5,-0.0006
2025-03-17,601398.XSHG,2025-03-14,14:46:00,6.61,2025-03-17,14:56:00,6.67,0.008477155824508188
2025-03-18,512010.XSHG,2025-03-17,14:46:00,0.365,2025-03-18,14:56:00,0.37,0.013098630136986356
2025-03-18,600000.XSHG,2025-03-17,14:46:00,10.28,2025-03-18,14:56:00,10.32,0.003291050583657574
2025-03-18,600276.XSHG,2025-03-17,14:46:00,46.3,2025-03-18,14:56:00,46.36,0.0006958963282938552
2025-03-18,512800.XSHG,2025-03-17,14:46:00,0.763,2025-03-18,14:56:00,0.763,-0.0006
2025-03-18,159928.XSHE,2025-03-17,14:46:00,0.845,2025-03-18,14:56:00,0.838,-0.008884023668639007
2025-03-19,600519.XSHG,2025-03-18,14:46:00,1592.36,2025-03-19,14:56:00,1605.09,0.007394423371599391
2025-03-19,512010.XSHG,2025-03-18,14:46:00,0.37,2025-03-19,14:56:00,0.37,-0.0006
2025-03-19,000858.XSHE,2025-03-18,14:46:00,136.03,2025-03-19,14:56:00,135.3,-0.005966463280158662
2025-03-19,601398.XSHG,2025-03-18,14:46:00,6.66,2025-03-19,14:56:00,6.73,0.009910510510510551
2025-03-19,000002.XSHE,2025-03-18,14:46:00,7.53,2025-03-19,14:56:00,7.45,-0.011224169986719778
2025-03-20,000858.XSHE,2025-03-19,14:46:00,135.28,2025-03-20,14:56:00,132.66,-0.019967238320520452
2025-03-20,512800.XSHG,2025-03-19,14:46:00,0.772,2025-03-20,14:56:00,0.768,-0.005781347150259086
2025-03-20,000002.XSHE,2025-03-19,14:46:00,7.45,2025-03-20,14:56:00,7.42,-0.004626845637583931
2025-03-20,600340.XSHG,2025-03-19,14:46:00,2.4,2025-03-20,14:56:00,2.41,0.003566666666666874
2025-03-20,159915.XSHE,2025-03-19,14:46:00,2.178,2025-03-20,14:56:00,2.158,-0.009782736455463747
2025-03-21,600340.XSHG,2025-03-20,14:46:00,2.41,2025-03-21,14:56:00,2.37,-0.017197510373444035
2025-03-21,000333.XSHE,2025-03-20,14:46:00,71.75,2025-03-21,14:56:00,71.57,-0.0031087108013938096
2025-03-21,512010.XSHG,2025-03-20,14:46:00,0.366,2025-03-21,14:56:00,0.359,-0.01972568306010931
2025-03-21,000002.XSHE,2025-03-20,14:46:00,7.42,2025-03-21,14:56:00,7.36,-0.008686253369272156
2025-03-21,512800.XSHG,2025-03-20,14:46:00,0.767,2025-03-21,14:56:00,0.76,-0.009726466753585416
2025-03-24,600519.XSHG,2025-03-21,14:46:00,1540.17,2025-03-24,14:56:00,1550.71,0.006243400403851563
2025-03-24,000858.XSHE,2025-03-21,14:46:00,130.96,2025-03-24,14:56:00,130.9,-0.0010581551618815237
2025-03-24,512010.XSHG,2025-03-21,14:46:00,0.36,2025-03-24,14:56:00,0.358,-0.006155555555555536
2025-03-24,600340.XSHG,2025-03-21,14:46:00,2.36,2025-03-24,14:56:00,2.31,-0.021786440677966045
2025-03-24,600276.XSHG,2025-03-21,14:46:00,44.74,2025-03-24,14:56:00,44.16,-0.013563790791238439
2025-03-25,600519.XSHG,2025-03-24,14:46:00,1552.11,2025-03-25,14:56:00,1545.71,-0.004723419087564528
2025-03-25,601398.XSHG,2025-03-24,14:46:00,6.7,2025-03-25,14:56:00,6.71,0.0008925373134329068
2025-03-25,000333.XSHE,2025-03-24,14:46:00,72.58,2025-03-25,14:56:00,73.32,0.009595646183521534
2025-03-25,000002.XSHE,2025-03-24,14:46:00,7.17,2025-03-25,14:56:00,7.2,0.0035841004184099974
2025-03-25,600276.XSHG,2025-03-24,14:46:00,44.13,2025-03-25,14:56:00,44.71,0.012542986630410025
2025-03-26,512760.XSHG,2025-03-25,14:46:00,1.168,2025-03-26,14:56:00,1.17,0.0011123287671232392
2025-03-26,159915.XSHE,2025-03-25,14:46:00,2.1,2025-03-26,14:56:00,2.099,-0.0010761904761904077
2025-03-26,512010.XSHG,2025-03-25,14:46:00,0.358,2025-03-26,14:56:00,0.359,0.0021932960893855
2025-03-26,600030.XSHG,2025-03-25,14:46:00,26.8,2025-03-26,14:56:00,26.73,-0.00321194029850742
2025-03-26,510500.XSHG,2025-03-25,14:46:00,5.934,2025-03-26,14:56:00,5.941,0.0005796427367711804
2025-03-27,600036.XSHG,2025-03-26,14:46:00,40.85,2025-03-27,14:56:00,41.48,0.014822276621786857
2025-03-27,600340.XSHG,2025-03-26,14:46:00,2.38,2025-03-27,14:56:00,2.32,-0.025810084033613467
2025-03-27,600276.XSHG,2025-03-26,14:46:00,46.05,2025-03-27,14:56:00,48.2,0.046088382193268204
2025-03-27,512760.XSHG,2025-03-26,14:46:00,1.17,2025-03-27,14:56:00,1.181,0.00880170940170959
2025-03-27,000002.XSHE,2025-03-26,14:46:00,7.19,2025-03-27,14:56:00,7.17,-0.0033816411682893836
2025-03-28,600340.XSHG,2025-03-27,14:46:00,2.33,2025-03-28,14:56:00,2.3,-0.013475536480686844
2025-03-28,600104.XSHG,2025-03-27,14:46:00,15.39,2025-03-28,14:56:00,15.37,-0.0018995451591943928
2025-03-28,600030.XSHG,2025-03-27,14:46:00,26.67,2025-03-28,14:56:00,26.58,-0.003974578177727905
2025-03-28,512760.XSHG,2025-03-27,14:46:00,1.181,2025-03-28,14:56:00,1.164,-0.014994580863674955
2025-03-28,601318.XSHG,2025-03-27,14:46:00,50.57,2025-03-28,14:56:00,50.53,-0.0013909827961242176
2025-03-31,512010.XSHG,2025-03-28,14:46:00,0.365,2025-03-31,14:56:00,0.363,-0.006079452054794498
2025-03-31,600276.XSHG,2025-03-28,14:46:00,48.33,2025-03-31,14:56:00,48.93,0.011814649286157653
2025-03-31,512690.XSHG,2025-03-28,14:46:00,0.624,2025-03-31,14:56:00,0.615,-0.015023076923076983
2025-03-31,601166.XSHG,2025-03-28,14:46:00,20.54,2025-03-31,14:56:00,20.68,0.006215968841285436
2025-03-31,159915.XSHE,2025-03-28,14:46:00,2.09,2025-03-31,14:56:00,2.063,-0.013518660287081218
2025-04-01,600104.XSHG,2025-03-31,14:46:00,15.69,2025-04-01,14:56:00,15.65,-0.0031493945188017618
2025-04-01,600340.XSHG,2025-03-31,14:46:00,2.25,2025-04-01,14:56:00,2.23,-0.009488888888888946
2025-04-01,512010.XSHG,2025-03-31,14:46:00,0.362,2025-04-01,14:56:00,0.374,0.032549171270718366
2025-04-01,000001.XSHE,2025-03-31,14:46:00,10.93,2025-04-01,14:56:00,10.93,-0.0006
2025-04-01,600000.XSHG,2025-03-31,14:46:00,10.13,2025-04-01,14:56:00,10.04,-0.009484501480750373
2025-04-02,512800.XSHG,2025-04-01,14:46:00,0.757,2025-04-02,14:56:00,0.764,0.008647027741083214
2025-04-02,600000.XSHG,2025-04-01,14:46:00,10.04,2025-04-02,14:56:00,10.15,0.010356175298804993
2025-04-02,601166.XSHG,2025-04-01,14:46:00,20.31,2025-04-02,14:56:00,20.31,-0.0006
2025-04-02,600276.XSHG,2025-04-01,14:46:00,51.58,2025-04-02,14:56:00,50.6,-0.019599612252811104
2025-04-02,601398.XSHG,2025-04-01,14:46:00,6.66,2025-04-02,14:56:00,6.71,0.006907507507507505
2025-04-03,512010.XSHG,2025-04-02,14:46:00,0.368,2025-04-03,14:56:00,0.366,-0.006034782608695676
2025-04-03,600340.XSHG,2025-04-02,14:46:00,2.24,2025-04-03,14:56:00,2.25,0.0038642857142855876
2025-04-03,600276.XSHG,2025-04-02,14:46:00,50.59,2025-04-03,14:56:00,50.86,0.00473702312710016
2025-04-03,159928.XSHE,2025-04-02,14:46:00,0.815,2025-04-03,14:56:00,0.826,0.012896932515337346
2025-04-03,600000.XSHG,2025-04-02,14:46:00,10.13,2025-04-03,14:56:00,10.15,0.001374333662388972
2025-04-07,512690.XSHG,2025-04-03,14:46:00,0.623,2025-04-07,14:56:00,0.598,-0.04072841091492781
2025-04-07,600000.XSHG,2025-04-03,14:46:00,10.12,2025-04-07,14:56:00,9.59,-0.05297154150197621
2025-04-07,000333.XSHE,2025-04-03,14:46:00,70.45,2025-04-07,14:56:00,64.22,-0.08903151171043296
2025-04-07,601166.XSHG,2025-04-03,14:46:00,20.22,2025-04-07,14:56:00,19.4,-0.04115390702274975
2025-04-07,601318.XSHG,2025-04-03,14:46:00,50.06,2025-04-07,14:56:00,47.37,-0.05433551737914517
2025-04-08,601857.XSHG,2025-04-07,14:46:00,7.13,2025-04-08,14:56:00,7.49,0.04989088359046294
2025-04-08,600340.XSHG,2025-04-07,14:46:00,2.03,2025-04-08,14:56:00,2.02,-0.005526108374384119
2025-04-08,600104.XSHG,2025-04-07,14:46:00,13.85,2025-04-08,14:56:00,14.55,0.04994151624548741
2025-04-08,600030.XSHG,2025-04-07,14:46:00,23.59,2025-04-08,14:56:00,24.26,0.027801865197117404
2025-04-08,000333.XSHE,2025-04-07,14:46:00,63.73,2025-04-08,14:56:00,66.94,0.0497687431351012
2025-04-09,512800.XSHG,2025-04-08,14:46:00,0.741,2025-04-09,14:56:00,0.736,-0.0073476383265856475
2025-04-09,601398.XSHG,2025-04-08,14:46:00,6.68,2025-04-09,14:56:00,6.63,-0.00808502994011968
2025-04-09,600104.XSHG,2025-04-08,14:46:00,14.52,2025-04-09,14:56:00,14.9,0.025570798898071723
2025-04-09,510500.XSHG,2025-04-08,14:46:00,5.285,2025-04-09,14:56:00,5.426,0.026079280983916698
2025-04-09,601318.XSHG,2025-04-08,14:46:00,47.6,2025-04-09,14:56:00,47.55,-0.001650420168067334
2025-04-10,000333.XSHE,2025-04-09,14:46:00,66.53,2025-04-10,14:56:00,67.87,0.019541289643769822
2025-04-10,601398.XSHG,2025-04-09,14:46:00,6.63,2025-04-10,14:56:00,6.62,-0.0021082956259426792
2025-04-10,512760.XSHG,2025-04-09,14:46:00,1.109,2025-04-10,14:56:00,1.118,0.007515419296663706
2025-04-10,600519.XSHG,2025-04-09,14:46:00,1511.54,2025-04-10,14:56:00,1520.28,0.005182182409992398
2025-04-10,600036.XSHG,2025-04-09,14:46:00,38.82,2025-04-10,14:56:00,39.41,0.014598351365275587
2025-04-11,600340.XSHG,2025-04-10,14:46:00,2.17,2025-04-11,14:56:00,2.19,0.008616589861751112
2025-04-11,510500.XSHG,2025-04-10,14:46:00,5.533,2025-04-11,14:56:00,5.573,0.006629351165732867
2025-04-11,159915.XSHE,2025-04-10,14:46:00,1.864,2025-04-11,14:56:00,1.89,0.013348497854077147
2025-04-11,600104.XSHG,2025-04-10,14:46:00,14.89,2025-04-11,14:56:00,15.08,0.012160241773001946
2025-04-11,600276.XSHG,2025-04-10,14:46:00,48.02,2025-04-11,14:56:00,48.22,0.0035649312786338212
2025-04-14,512760.XSHG,2025-04-11,14:46:00,1.167,2025-04-14,14:56:00,1.17,0.0019706940874035135
2025-04-14,600104.XSHG,2025-04-11,14:46:00,15.03,2025-04-14,14:56:00,15.43,0.02601343978709252
2025-04-14,510500.XSHG,2025-04-11,14:46:00,5.569,2025-04-14,14:56:00,5.616,0.007839576225534262
2025-04-14,512010.XSHG,2025-04-11,14:46:00,0.348,2025-04-14,14:56:00,0.349,0.002273563218390718
2025-04-14,601857.XSHG,2025-04-11,14:46:00,7.34,2025-04-14,14:56:00,7.47,0.017111171662125436
2025-04-15,600036.XSHG,2025-04-14,14:46:00,39.79,2025-04-15,14:56:00,40.46,0.01623840160844441
2025-04-15,600276.XSHG,2025-04-14,14:46:00,48.73,2025-04-15,14:56:00,48.09,-0.013733593269033294
2025-04-15,512010.XSHG,2025-04-14,14:46:00,0.349,2025-04-15,14:56:00,0.348,-0.003465329512893977
2025-04-15,000858.XSHE,2025-04-14,14:46:00,127.79,2025-04-15,14:56:00,128.09,0.0017476015337662305
2025-04-15,601166.XSHG,2025-04-14,14:46:00,19.89,2025-04-15,14:56:00,20.22,0.015991251885369474
2025-04-16,512760.XSHG,2025-04-15,14:46:00,1.152,2025-04-16,14:56:00,1.166,0.01155277777777768
2025-04-16,512690.XSHG,2025-04-15,14:46:00,0.611,2025-04-16,14:56:00,0.616,0.007583306055646433
2025-04-16,159915.XSHE,2025-04-15,14:46:00,1.89,2025-04-16,14:56:00,1.874,-0.009065608465608398
2025-04-16,000001.XSHE,2025-04-15,14:46:00,10.61,2025-04-16,14:56:00,10.67,0.005055042412818112
2025-04-16,600276.XSHG,2025-04-15,14:46:00,47.96,2025-04-16,14:56:00,48.56,0.011910425354462118
2025-04-17,000002.XSHE,2025-04-16,14:46:00,7.0,2025-04-17,14:56:00,7.19,0.026542857142857135
2025-04-17,600340.XSHG,2025-04-16,14:46:00,2.19,2025-04-17,14:56:00,2.26,0.03136347031963453
2025-04-17,601166.XSHG,2025-04-16,14:46:00,20.05,2025-04-17,14:56:00,20.18,0.005883790523690747
2025-04-17,512800.XSHG,2025-04-16,14:46:00,0.763,2025-04-17,14:56:00,0.768,0.005953079947575258
2025-04-17,601398.XSHG,2025-04-16,14:46:00,6.89,2025-04-17,14:56:00,6.92,0.0037541364296082465
2025-04-18,000002.XSHE,2025-04-17,14:46:00,7.18,2025-04-18,14:56:00,7.31,0.01750584958217265
2025-04-18,512760.XSHG,2025-04-17,14:46:00,1.168,2025-04-18,14:56:00,1.16,-0.007449315068493178
2025-04-18,159915.XSHE,2025-04-17,14:46:00,1.875,2025-04-18,14:56:00,1.878,0.001000000000000046
2025-04-18,510500.XSHG,2025-04-17,14:46:00,5.556,2025-04-18,14:56:00,5.55,-0.0016799136069115088
2025-04-18,512690.XSHG,2025-04-17,14:46:00,0.619,2025-04-18,14:56:00,0.615,-0.00706203554119551
2025-04-21,510500.XSHG,2025-04-18,14:46:00,5.555,2025-04-21,14:56:00,5.632,0.013261386138613874
2025-04-21,512760.XSHG,2025-04-18,14:46:00,1.158,2025-04-21,14:56:00,1.171,0.010626252158894834
2025-04-21,159915.XSHE,2025-04-18,14:46:00,1.877,2025-04-21,14:56:00,1.907,0.015382951518380473
2025-04-21,601857.XSHG,2025-04-18,14:46:00,7.75,2025-04-21,14:56:00,7.72,-0.004470967741935516
2025-04-21,159928.XSHE,2025-04-18,14:46:00,0.831,2025-04-21,14:56:00,0.827,-0.0054134777376654945
2025-04-22,000002.XSHE,2025-04-21,14:46:00,7.17,2025-04-22,14:56:00,7.18,0.0007947001394700731
2025-04-22,512010.XSHG,2025-04-21,14:46:00,0.348,2025-04-22,14:56:00,0.351,0.008020689655172376
2025-04-22,600276.XSHG,2025-04-21,14:46:00,49.0,2025-04-22,14:56:00,50.79,0.03593061224489784
2025-04-22,600036.XSHG,2025-04-21,14:46:00,40.59,2025-04-22,14:56:00,40.29,-0.007990983000739148
2025-04-22,512760.XSHG,2025-04-21,14:46:00,1.17,2025-04-22,14:56:00,1.168,-0.002309401709401703
2025-04-23,512760.XSHG,2025-04-22,14:46:00,1.168,2025-04-23,14:56:00,1.164,-0.004024657534246589
2025-04-23,000002.XSHE,2025-04-22,14:46:00,7.18,2025-04-23,14:56:00,7.08,-0.01452757660167121
2025-04-23,512690.XSHG,2025-04-22,14:46:00,0.608,2025-04-23,14:56:00,0.605,-0.0055342105263158185
2025-04-23,159915.XSHE,2025-04-22,14:46:00,1.901,2025-04-23,14:56:00,1.922,0.010446817464492431
2025-04-23,600036.XSHG,2025-04-22,14:46:00,40.37,2025-04-23,14:56:00,40.25,-0.0035725043349020373
2025-04-24,600000.XSHG,2025-04-23,14:46:00,10.35,2025-04-24,14:56:00,10.42,0.006163285024154575
2025-04-24,000333.XSHE,2025-04-23,14:46:00,68.6,2025-04-24,14:56:00,69.6,0.013977259475218707
2025-04-24,601166.XSHG,2025-04-23,14:46:00,20.03,2025-04-24,14:56:00,20.19,0.007388017973040496
2025-04-24,000001.XSHE,2025-04-23,14:46:00,10.67,2025-04-24,14:56:00,10.69,0.0012744142455482395
2025-04-24,600104.XSHG,2025-04-23,14:46:00,15.34,2025-04-24,14:56:00,15.44,0.0059189048239895355
2025-04-25,512690.XSHG,2025-04-24,14:46:00,0.601,2025-04-25,14:56:00,0.602,0.0010638935108153065
2025-04-25,000002.XSHE,2025-04-24,14:46:00,7.08,2025-04-25,14:56:00,7.05,-0.004837288135593209
2025-04-25,159928.XSHE,2025-04-24,14:46:00,0.822,2025-04-25,14:56:00,0.82,-0.003033090024330897
2025-04-25,600030.XSHG,2025-04-24,14:46:00,24.8,2025-04-25,14:56:00,24.97,0.006254838709677402
2025-04-25,000858.XSHE,2025-04-24,14:46:00,125.82,2025-04-25,14:56:00,125.82,-0.0006
2025-04-28,512690.XSHG,2025-04-25,14:46:00,0.601,2025-04-28,14:56:00,0.601,-0.0006
2025-04-28,000858.XSHE,2025-04-25,14:46:00,125.81,2025-04-28,14:56:00,127.52,0.012991924330339289
2025-04-28,601857.XSHG,2025-04-25,14:46:00,7.74,2025-04-28,14:56:00,7.8,0.007151937984496138
2025-04-28,600340.XSHG,2025-04-25,14:46:00,2.27,2025-04-28,14:56:00,2.14,-0.05786872246696036
2025-04-28,159915.XSHE,2025-04-25,14:46:00,1.919,2025-04-28,14:56:00,1.907,-0.006853256904637849
2025-04-29,601398.XSHG,2025-04-28,14:46:00,7.14,2025-04-29,14:56:00,7.11,-0.0048016806722687815
2025-04-29,512800.XSHG,2025-04-28,14:46:00,0.779,2025-04-29,14:56:00,0.776,-0.004451091142490381
2025-04-29,601857.XSHG,2025-04-28,14:46:00,7.8,2025-04-29,14:56:00,7.71,-0.012138461538461497
2025-04-29,159928.XSHE,2025-04-28,14:46:00,0.819,2025-04-29,14:56:00,0.814,-0.006705006105006083
2025-04-29,600519.XSHG,2025-04-28,14:46:00,1520.46,2025-04-29,14:56:00,1510.55,-0.00711776436078566
2025-04-30,600340.XSHG,2025-04-29,14:46:00,2.16,2025-04-30,14:56:00,2.39,0.1058814814814814
2025-04-30,512010.XSHG,2025-04-29,14:46:00,0.35,2025-04-30,14:56:00,0.355,0.013685714285714235
2025-04-30,600036.XSHG,2025-04-29,14:46:00,40.35,2025-04-30,14:56:00,39.07,-0.03232242874845111
2025-04-30,000002.XSHE,2025-04-29,14:46:00,6.83,2025-04-30,14:56:00,6.82,-0.0020641288433381304
2025-04-30,601857.XSHG,2025-04-29,14:46:00,7.71,2025-04-30,14:56:00,7.77,0.007182101167315148
2025-05-06,000333.XSHE,2025-04-30,14:46:00,70.33,2025-05-06,14:56:00,70.6,0.003239044504478917
2025-05-06,512010.XSHG,2025-04-30,14:46:00,0.354,2025-05-06,14:56:00,0.357,0.007874576271186418
2025-05-06,159928.XSHE,2025-04-30,14:46:00,0.817,2025-05-06,14:56:00,0.818,0.000623990208078396
2025-05-06,159915.XSHE,2025-04-30,14:46:00,1.919,2025-05-06,14:56:00,1.958,0.019723084940072844
2025-05-06,601318.XSHG,2025-04-30,14:46:00,49.32,2025-05-06,14:56:00,49.38,0.0006165450121655042
2025-05-07,512010.XSHG,2025-05-06,14:46:00,0.356,2025-05-07,14:56:00,0.357,0.0022089887640450064
2025-05-07,600276.XSHG,2025-05-06,14:46:00,50.78,2025-05-07,14:56:00,51.17,0.007080189050807362
2025-05-07,512760.XSHG,2025-05-06,14:46:00,1.189,2025-05-07,14:56:00,1.187,-0.002282085786375076
2025-05-07,601398.XSHG,2025-05-06,14:46:00,6.84,2025-05-07,14:56:00,6.96,0.01694385964912286
2025-05-07,600104.XSHG,2025-05-06,14:46:00,16.27,2025-05-07,14:56:00,16.4,0.0073901659496004475
2025-05-08,601398.XSHG,2025-05-07,14:46:00,6.95,2025-05-08,14:56:00,6.97,0.0022776978417266454
2025-05-08,000333.XSHE,2025-05-07,14:46:00,70.98,2025-05-08,14:56:00,71.64,0.008698393913778513
2025-05-08,601166.XSHG,2025-05-07,14:46:00,20.09,2025-05-08,14:56:00,20.57,0.023292483822797406
2025-05-08,600030.XSHG,2025-05-07,14:46:00,25.43,2025-05-08,14:56:00,25.65,0.008051199370821816
2025-05-08,512800.XSHG,2025-05-07,14:46:00,0.77,2025-05-08,14:56:00,0.78,0.012387012987013103
2025-05-09,600340.XSHG,2025-05-08,14:46:00,2.53,2025-05-09,14:56:00,2.4,-0.051983399209486095
2025-05-09,601318.XSHG,2025-05-08,14:46:00,50.5,2025-05-09,14:56:00,50.33,-0.003966336633663369
2025-05-09,600276.XSHG,2025-05-08,14:46:00,51.39,2025-05-09,14:56:00,52.62,0.023334617629889132
2025-05-09,512800.XSHG,2025-05-08,14:46:00,0.779,2025-05-09,14:56:00,0.79,0.01352066752246477
2025-05-09,000333.XSHE,2025-05-08,14:46:00,71.69,2025-05-09,14:56:00,72.4,0.009303752266704036
2025-05-12,600340.XSHG,2025-05-09,14:46:00,2.4,2025-05-12,14:56:00,2.55,0.0619
2025-05-12,601857.XSHG,2025-05-09,14:46:00,7.86,2025-05-12,14:56:00,7.92,0.007033587786259444
2025-05-12,510500.XSHG,2025-05-09,14:46:00,5.719,2025-05-12,14:56:00,5.788,0.01146504633677219
2025-05-12,159928.XSHE,2025-05-09,14:46:00,0.822,2025-05-12,14:56:00,0.824,0.0018330900243310085
2025-05-12,600030.XSHG,2025-05-09,14:46:00,25.36,2025-05-12,14:56:00,26.07,0.027396845425867445
2025-05-13,600340.XSHG,2025-05-12,14:46:00,2.54,2025-05-13,14:56:00,2.6,0.023022047244094446
2025-05-13,601166.XSHG,2025-05-12,14:46:00,21.24,2025-05-13,14:56:00,21.53,0.01305348399246713
2025-05-13,600000.XSHG,2025-05-12,14:46:00,11.39,2025-05-13,14:56:00,11.71,0.027494820017559252
2025-05-13,600036.XSHG,2025-05-12,14:46:00,42.01,2025-05-13,14:56:00,42.68,0.015348583670554628
2025-05-13,512800.XSHG,2025-05-12,14:46:00,0.79,2025-05-13,14:56:00,0.803,0.015855696202531733
2025-05-14,159915.XSHE,2025-05-13,14:46:00,2.031,2025-05-14,14:56:00,2.052,0.009739734121122657
2025-05-14,000002.XSHE,2025-05-13,14:46:00,6.86,2025-05-14,14:56:00,6.88,0.0023154518950436083
2025-05-14,512010.XSHG,2025-05-13,14:46:00,0.36,2025-05-14,14:56:00,0.363,0.007733333333333304
2025-05-14,512760.XSHG,2025-05-13,14:46:00,1.156,2025-05-14,14:56:00,1.162,0.00459031141868509
2025-05-14,600276.XSHG,2025-05-13,14:46:00,51.08,2025-05-14,14:56:00,52.75,0.03209381362568513
2025-05-15,000002.XSHE,2025-05-14,14:46:00,6.89,2025-05-15,14:56:00,6.8,-0.013662409288824406
2025-05-15,600036.XSHG,2025-05-14,14:46:00,42.94,2025-05-15,14:56:00,43.08,0.002660363297624691
2025-05-15,512010.XSHG,2025-05-14,14:46:00,0.362,2025-05-15,14:56:00,0.363,0.002162430939226457
2025-05-15,600276.XSHG,2025-05-14,14:46:00,52.7,2025-05-15,14:56:00,53.48,0.014200759013282594
2025-05-15,159915.XSHE,2025-05-14,14:46:00,2.05,2025-05-15,14:56:00,2.014,-0.018160975609756113
2025-05-16,512010.XSHG,2025-05-15,14:46:00,0.363,2025-05-16,14:56:00,0.364,0.0021548209366390354
2025-05-16,601318.XSHG,2025-05-15,14:46:00,52.6,2025-05-16,14:56:00,51.9,-0.013907984790874583
2025-05-16,601398.XSHG,2025-05-15,14:46:00,7.11,2025-05-16,14:56:00,7.0,-0.016071167369901617
2025-05-16,000333.XSHE,2025-05-15,14:46:00,73.04,2025-05-16,14:56:00,73.01,-0.001010733844468769
2025-05-16,000001.XSHE,2025-05-15,14:46:00,11.05,2025-05-16,14:56:00,11.04,-0.0015049773755657185
2025-05-19,601318.XSHG,2025-05-16,14:46:00,51.92,2025-05-19,14:56:00,51.81,-0.0027186440677966044
2025-05-19,159915.XSHE,2025-05-16,14:46:00,2.009,2025-05-19,14:56:00,2.003,-0.00358656047784962
2025-05-19,601398.XSHG,2025-05-16,14:46:00,7.01,2025-05-19,14:56:00,6.97,-0.006306134094151216
2025-05-19,601857.XSHG,2025-05-16,14:46:00,7.92,2025-05-19,14:56:00,7.96,0.004450505050504972
2025-05-19,512800.XSHG,2025-05-16,14:46:00,0.8,2025-05-19,14:56:00,0.798,-0.0030999999999999465
2025-05-20,600000.XSHG,2025-05-19,14:46:00,11.65,2025-05-20,14:56:00,11.93,0.02343433476394845
2025-05-20,512800.XSHG,2025-05-19,14:46:00,0.798,2025-05-20,14:56:00,0.8,0.0019062656641603455
2025-05-20,000001.XSHE,2025-05-19,14:46:00,11.02,2025-05-20,14:56:00,11.04,0.0012148820326677752
2025-05-20,601318.XSHG,2025-05-19,14:46:00,51.79,2025-05-20,14:56:00,52.2,0.007316586213554844
2025-05-20,601166.XSHG,2025-05-19,14:46:00,21.71,2025-05-20,14:56:00,21.53,-0.008891110087517261
2025-05-21,600340.XSHG,2025-05-20,14:46:00,2.94,2025-05-21,14:56:00,2.66,-0.09583809523809513
2025-05-21,512760.XSHG,2025-05-20,14:46:00,1.143,2025-05-21,14:56:00,1.133,-0.009348906386701671
2025-05-21,600036.XSHG,2025-05-20,14:46:00,42.09,2025-05-21,14:56:00,42.1,-0.00036241387502984276
2025-05-21,000333.XSHE,2025-05-20,14:46:00,75.2,2025-05-21,14:56:00,75.23,-0.00020106382978719525
2025-05-21,159928.XSHE,2025-05-20,14:46:00,0.824,2025-05-21,14:56:00,0.825,0.0006135922330096527
2025-05-22,600340.XSHG,2025-05-21,14:46:00,2.66,2025-05-22,14:56:00,2.5,-0.060750375939849624
2025-05-22,600276.XSHG,2025-05-21,14:46:00,55.8,2025-05-22,14:56:00,55.21,-0.011173476702508855
2025-05-22,000858.XSHE,2025-05-21,14:46:00,126.01,2025-05-22,14:56:00,125.8,-0.002266534402031683
2025-05-22,601857.XSHG,2025-05-21,14:46:00,8.05,2025-05-22,14:56:00,8.05,-0.0006
2025-05-22,000002.XSHE,2025-05-21,14:46:00,6.76,2025-05-22,14:56:00,6.67,-0.013913609467455634
2025-05-23,600340.XSHG,2025-05-22,14:46:00,2.5,2025-05-23,14:56:00,2.39,-0.04459999999999993
2025-05-23,000002.XSHE,2025-05-22,14:46:00,6.67,2025-05-23,14:56:00,6.64,-0.005097751124437843
2025-05-23,512760.XSHG,2025-05-22,14:46:00,1.13,2025-05-23,14:56:00,1.116,-0.01298938053097327
2025-05-23,600000.XSHG,2025-05-22,14:46:00,12.02,2025-05-23,14:56:00,11.87,-0.013079201331114797
2025-05-23,159928.XSHE,2025-05-22,14:46:00,0.823,2025-05-23,14:56:00,0.818,-0.006675334143377908
