trade_date,symbol,entry_day,entry_time,entry_px,exit_day,exit_time,exit_px,ret
2024-08-27,600340.XSHG,2024-08-26,14:46:00,1.03,2024-08-27,14:56:00,1.03,-0.0006
2024-08-27,512760.XSHG,2024-08-26,14:46:00,0.743,2024-08-27,14:56:00,0.733,-0.014058950201884256
2024-08-27,159915.XSHE,2024-08-26,14:46:00,1.514,2024-08-27,14:56:00,1.501,-0.009186525759577412
2024-08-27,512800.XSHG,2024-08-26,14:46:00,0.664,2024-08-27,14:56:00,0.668,0.005424096385542244
2024-08-27,000333.XSHE,2024-08-26,14:46:00,63.29,2024-08-27,14:56:00,63.08,-0.00391805972507504
2024-08-28,000002.XSHE,2024-08-27,14:46:00,6.3,2024-08-28,14:56:00,6.22,-0.013298412698412764
2024-08-28,512760.XSHG,2024-08-27,14:46:00,0.731,2024-08-28,14:56:00,0.734,0.003503967168262557
2024-08-28,512690.XSHG,2024-08-27,14:46:00,0.53,2024-08-28,14:56:00,0.518,-0.02324150943396226
2024-08-28,600519.XSHG,2024-08-27,14:46:00,1355.81,2024-08-28,14:56:00,1341.97,-0.010807919988788894
2024-08-28,600000.XSHG,2024-08-27,14:46:00,8.63,2024-08-28,14:56:00,8.58,-0.006393742757821629
2024-08-29,000001.XSHE,2024-08-28,14:46:00,9.77,2024-08-29,14:56:00,9.63,-0.014929580348004023
2024-08-29,000002.XSHE,2024-08-28,14:46:00,6.21,2024-08-29,14:56:00,6.24,0.004230917874396157
2024-08-29,601166.XSHG,2024-08-28,14:46:00,16.41,2024-08-29,14:56:00,15.95,-0.02863168799512501
2024-08-29,600340.XSHG,2024-08-28,14:46:00,1.02,2024-08-29,14:56:00,1.01,-0.010403921568627416
2024-08-29,512760.XSHG,2024-08-28,14:46:00,0.733,2024-08-29,14:56:00,0.742,0.011678308321964637
2024-08-30,600837.XSHG,2024-08-29,14:46:00,8.42,2024-08-30,14:56:00,8.6,0.0207776722090262
2024-08-30,600340.XSHG,2024-08-29,14:46:00,1.01,2024-08-30,14:56:00,1.06,0.048904950495049546
2024-08-30,512760.XSHG,2024-08-29,14:46:00,0.742,2024-08-30,14:56:00,0.768,0.034440431266846414
2024-08-30,159915.XSHE,2024-08-29,14:46:00,1.512,2024-08-30,14:56:00,1.551,0.025193650793650702
2024-08-30,510500.XSHG,2024-08-29,14:46:00,4.558,2024-08-30,14:56:00,4.634,0.01607397981570873
2024-09-02,512010.XSHG,2024-08-30,14:46:00,0.322,2024-09-02,14:56:00,0.317,-0.01612795031055898
2024-09-02,600030.XSHG,2024-08-30,14:46:00,18.93,2024-09-02,14:56:00,18.6,-0.018032646592709933
2024-09-02,000002.XSHE,2024-08-30,14:46:00,6.77,2024-09-02,14:56:00,6.42,-0.052298670605612954
2024-09-02,600104.XSHG,2024-08-30,14:46:00,12.52,2024-09-02,14:56:00,12.13,-0.031750159744408826
2024-09-02,600837.XSHG,2024-08-30,14:46:00,8.59,2024-09-02,14:56:00,8.39,-0.023882887077997638
2024-09-03,600340.XSHG,2024-09-02,14:46:00,1.07,2024-09-03,14:56:00,1.06,-0.009945794392523365
2024-09-03,512010.XSHG,2024-09-02,14:46:00,0.317,2024-09-03,14:56:00,0.319,0.005709148264984188
2024-09-03,512690.XSHG,2024-09-02,14:46:00,0.527,2024-09-03,14:56:00,0.532,0.008887666034155629
2024-09-03,000002.XSHE,2024-09-02,14:46:00,6.43,2024-09-03,14:56:00,6.53,0.014952099533437058
2024-09-03,159928.XSHE,2024-09-02,14:46:00,0.702,2024-09-03,14:56:00,0.709,0.009371509971510084
2024-09-04,512010.XSHG,2024-09-03,14:46:00,0.319,2024-09-04,14:56:00,0.318,-0.0037347962382445303
2024-09-04,000333.XSHE,2024-09-03,14:46:00,62.91,2024-09-04,14:56:00,62.51,-0.006958289620092217
2024-09-04,600000.XSHG,2024-09-03,14:46:00,8.0,2024-09-04,14:56:00,8.09,0.010649999999999982
2024-09-04,600030.XSHG,2024-09-03,14:46:00,18.78,2024-09-04,14:56:00,18.8,0.00046496272630463023
2024-09-04,601318.XSHG,2024-09-03,14:46:00,41.3,2024-09-04,14:56:00,40.79,-0.012948668280871666
2024-09-05,512010.XSHG,2024-09-04,14:46:00,0.319,2024-09-05,14:56:00,0.322,0.00880438871473348
2024-09-05,000001.XSHE,2024-09-04,14:46:00,9.51,2024-09-05,14:56:00,9.56,0.00465762355415349
2024-09-05,512690.XSHG,2024-09-04,14:46:00,0.527,2024-09-05,14:56:00,0.53,0.005092599620493288
2024-09-05,601857.XSHG,2024-09-04,14:46:00,7.79,2024-09-05,14:56:00,7.68,-0.01472066752246477
2024-09-05,601318.XSHG,2024-09-04,14:46:00,40.79,2024-09-05,14:56:00,41.48,0.0163159107624417
2024-09-06,600837.XSHG,2024-09-05,14:46:00,8.77,2024-09-06,14:56:00,8.75,-0.0028805017103761925
2024-09-06,512760.XSHG,2024-09-05,14:46:00,0.737,2024-09-06,14:56:00,0.726,-0.015525373134328401
2024-09-06,600030.XSHG,2024-09-05,14:46:00,18.81,2024-09-06,14:56:00,18.73,-0.004853056884635731
2024-09-06,000333.XSHE,2024-09-05,14:46:00,60.77,2024-09-06,14:56:00,60.09,-0.011789731775547162
2024-09-06,159928.XSHE,2024-09-05,14:46:00,0.706,2024-09-06,14:56:00,0.698,-0.011931444759206777
2024-09-09,600000.XSHG,2024-09-06,14:46:00,8.17,2024-09-09,14:56:00,8.13,-0.005495960832313251
2024-09-09,000333.XSHE,2024-09-06,14:46:00,60.22,2024-09-09,14:56:00,58.25,-0.03331338425772164
2024-09-09,159928.XSHE,2024-09-06,14:46:00,0.698,2024-09-09,14:56:00,0.692,-0.009195988538681931
2024-09-09,512760.XSHG,2024-09-06,14:46:00,0.726,2024-09-09,14:56:00,0.722,-0.006109641873278292
2024-09-09,512690.XSHG,2024-09-06,14:46:00,0.522,2024-09-09,14:56:00,0.513,-0.017841379310344862
2024-09-10,601166.XSHG,2024-09-09,14:46:00,15.31,2024-09-10,14:56:00,15.36,0.002665839320705455
2024-09-10,000001.XSHE,2024-09-09,14:46:00,9.36,2024-09-10,14:56:00,9.4,0.0036735042735044805
2024-09-10,600837.XSHG,2024-09-09,14:46:00,8.75,2024-09-10,14:56:00,8.75,-0.0006
2024-09-10,512690.XSHG,2024-09-09,14:46:00,0.513,2024-09-10,14:56:00,0.515,0.003298635477582957
2024-09-10,000333.XSHE,2024-09-09,14:46:00,58.29,2024-09-10,14:56:00,57.98,-0.0059182364041860495
2024-09-11,512010.XSHG,2024-09-10,14:46:00,0.313,2024-09-11,14:56:00,0.316,0.008984664536741228
2024-09-11,600030.XSHG,2024-09-10,14:46:00,18.58,2024-09-11,14:56:00,18.71,0.0063967707212057474
2024-09-11,600519.XSHG,2024-09-10,14:46:00,1329.75,2024-09-11,14:56:00,1333.38,0.002129836435420241
2024-09-11,000333.XSHE,2024-09-10,14:46:00,58.03,2024-09-11,14:56:00,58.83,0.013185972772703659
2024-09-11,159915.XSHE,2024-09-10,14:46:00,1.512,2024-09-11,14:56:00,1.53,0.011304761904761863
2024-09-12,000002.XSHE,2024-09-11,14:46:00,6.3,2024-09-12,14:56:00,6.3,-0.0006
2024-09-12,600837.XSHG,2024-09-11,14:46:00,8.75,2024-09-12,14:56:00,8.75,-0.0006
2024-09-12,600340.XSHG,2024-09-11,14:46:00,1.03,2024-09-12,14:56:00,1.03,-0.0006
2024-09-12,000333.XSHE,2024-09-11,14:46:00,58.86,2024-09-12,14:56:00,59.47,0.009763574583758029
2024-09-12,600519.XSHG,2024-09-11,14:46:00,1334.27,2024-09-12,14:56:00,1289.19,-0.034386265148732956
2024-09-13,159915.XSHE,2024-09-12,14:46:00,1.523,2024-09-13,14:56:00,1.509,-0.009792383453709762
2024-09-13,000002.XSHE,2024-09-12,14:46:00,6.31,2024-09-13,14:56:00,6.31,-0.0006
2024-09-13,159928.XSHE,2024-09-12,14:46:00,0.677,2024-09-13,14:56:00,0.667,-0.01537104874446089
2024-09-13,512760.XSHG,2024-09-12,14:46:00,0.72,2024-09-13,14:56:00,0.707,-0.018655555555555602
2024-09-13,512690.XSHG,2024-09-12,14:46:00,0.502,2024-09-13,14:56:00,0.489,-0.02649641434262946
2024-09-18,600519.XSHG,2024-09-13,14:46:00,1258.95,2024-09-18,14:56:00,1223.27,-0.028941077882362286
2024-09-18,000858.XSHE,2024-09-13,14:46:00,104.44,2024-09-18,14:56:00,102.91,-0.015249559555725777
2024-09-18,512760.XSHG,2024-09-13,14:46:00,0.708,2024-09-18,14:56:00,0.702,-0.009074576271186418
2024-09-18,600104.XSHG,2024-09-13,14:46:00,11.53,2024-09-18,14:56:00,11.7,0.014144145706851786
2024-09-18,000001.XSHE,2024-09-13,14:46:00,9.21,2024-09-18,14:56:00,9.25,0.0037431053203040195
2024-09-19,600340.XSHG,2024-09-18,14:46:00,1.03,2024-09-19,14:56:00,1.05,0.01881747572815533
2024-09-19,512010.XSHG,2024-09-18,14:46:00,0.308,2024-09-19,14:56:00,0.313,0.015633766233766156
2024-09-19,600519.XSHG,2024-09-18,14:46:00,1224.87,2024-09-19,14:56:00,1218.69,-0.0056454333929313975
2024-09-19,000858.XSHE,2024-09-18,14:46:00,102.75,2024-09-19,14:56:00,105.87,0.02976496350364959
2024-09-19,000002.XSHE,2024-09-18,14:46:00,6.47,2024-09-19,14:56:00,6.77,0.04576785162287471
2024-09-20,600340.XSHG,2024-09-19,14:46:00,1.05,2024-09-20,14:56:00,1.07,0.01844761904761898
2024-09-20,159928.XSHE,2024-09-19,14:46:00,0.671,2024-09-20,14:56:00,0.67,-0.002090312965722773
2024-09-20,600519.XSHG,2024-09-19,14:46:00,1219.77,2024-09-20,14:56:00,1222.28,0.0014577649884814255
2024-09-20,512690.XSHG,2024-09-19,14:46:00,0.497,2024-09-20,14:56:00,0.499,0.0034241448692153183
2024-09-20,000002.XSHE,2024-09-19,14:46:00,6.76,2024-09-20,14:56:00,6.88,0.01715147928994092
2024-09-23,600837.XSHG,2024-09-20,14:46:00,8.75,2024-09-23,14:56:00,8.75,-0.0006
2024-09-23,600000.XSHG,2024-09-20,14:46:00,8.27,2024-09-23,14:56:00,8.4,0.015119467956469169
2024-09-23,000001.XSHE,2024-09-20,14:46:00,9.37,2024-09-23,14:56:00,9.52,0.015408537886873064
2024-09-23,600276.XSHG,2024-09-20,14:46:00,42.7,2024-09-23,14:56:00,42.62,-0.002473536299765943
2024-09-23,601398.XSHG,2024-09-20,14:46:00,5.44,2024-09-23,14:56:00,5.48,0.006752941176470562
2024-09-24,512690.XSHG,2024-09-23,14:46:00,0.5,2024-09-24,14:56:00,0.53,0.05940000000000005
2024-09-24,512010.XSHG,2024-09-23,14:46:00,0.307,2024-09-24,14:56:00,0.318,0.035230618892508156
2024-09-24,159928.XSHE,2024-09-23,14:46:00,0.668,2024-09-24,14:56:00,0.71,0.06227425149700598
2024-09-24,000001.XSHE,2024-09-23,14:46:00,9.52,2024-09-24,14:56:00,9.82,0.030912605042016917
2024-09-24,000002.XSHE,2024-09-23,14:46:00,6.92,2024-09-24,14:56:00,7.12,0.028301734104046284
2024-09-25,600837.XSHG,2024-09-24,14:46:00,8.75,2024-09-25,14:56:00,8.75,-0.0006
2024-09-25,600340.XSHG,2024-09-24,14:46:00,1.09,2024-09-25,14:56:00,1.14,0.045271559633027245
2024-09-25,000333.XSHE,2024-09-24,14:46:00,64.78,2024-09-25,14:56:00,66.97,0.033206730472367926
2024-09-25,600000.XSHG,2024-09-24,14:46:00,8.78,2024-09-25,14:56:00,9.18,0.044958086560364416
2024-09-25,601857.XSHG,2024-09-24,14:46:00,8.11,2024-09-25,14:56:00,8.17,0.006798273736128225
2024-09-26,512690.XSHG,2024-09-25,14:46:00,0.534,2024-09-26,14:56:00,0.586,0.09677827715355784
2024-09-26,512760.XSHG,2024-09-25,14:46:00,0.731,2024-09-26,14:56:00,0.762,0.041807660738714045
2024-09-26,000002.XSHE,2024-09-25,14:46:00,7.32,2024-09-26,14:56:00,8.04,0.0977606557377048
2024-09-26,159915.XSHE,2024-09-25,14:46:00,1.614,2024-09-26,14:56:00,1.685,0.04339008674101612
2024-09-26,601857.XSHG,2024-09-25,14:46:00,8.19,2024-09-26,14:56:00,8.13,-0.007926007326007189
2024-09-27,000002.XSHE,2024-09-26,14:46:00,8.04,2024-09-27,14:56:00,8.84,0.09890248756218904
2024-09-27,000858.XSHE,2024-09-26,14:46:00,128.33,2024-09-27,14:56:00,141.17,0.09945454687134718
2024-09-27,600837.XSHG,2024-09-26,14:46:00,8.75,2024-09-27,14:56:00,8.75,-0.0006
2024-09-27,600340.XSHG,2024-09-26,14:46:00,1.24,2024-09-27,14:56:00,1.36,0.09617419354838723
2024-09-27,512690.XSHG,2024-09-26,14:46:00,0.586,2024-09-27,14:56:00,0.645,0.10008259385665534
2024-09-30,601166.XSHG,2024-09-27,14:46:00,17.53,2024-09-30,14:56:00,18.42,0.050170108385624676
2024-09-30,600036.XSHG,2024-09-27,14:46:00,34.12,2024-09-30,14:56:00,36.04,0.05567198124267307
2024-09-30,601318.XSHG,2024-09-27,14:46:00,49.57,2024-09-30,14:56:00,54.59,0.10067092999798281
2024-09-30,601857.XSHG,2024-09-27,14:46:00,8.13,2024-09-30,14:56:00,8.77,0.0781207872078719
2024-09-30,000002.XSHE,2024-09-27,14:46:00,8.84,2024-09-30,14:56:00,9.72,0.09894751131221728
2024-10-08,600000.XSHG,2024-09-30,14:46:00,9.75,2024-10-08,14:56:00,10.2,0.04555384615384599
2024-10-08,601857.XSHG,2024-09-30,14:46:00,8.68,2024-10-08,14:56:00,9.03,0.03972258064516125
2024-10-08,601398.XSHG,2024-09-30,14:46:00,5.92,2024-10-08,14:56:00,5.88,-0.007356756756756799
2024-10-08,512800.XSHG,2024-09-30,14:46:00,0.702,2024-10-08,14:56:00,0.725,0.03216353276353272
2024-10-08,601166.XSHG,2024-09-30,14:46:00,18.34,2024-10-08,14:56:00,19.13,0.04247524536532159
2024-10-09,601398.XSHG,2024-10-08,14:46:00,5.85,2024-10-09,14:56:00,5.81,-0.007437606837606813
2024-10-09,600519.XSHG,2024-10-08,14:46:00,1663.85,2024-10-09,14:56:00,1542.24,-0.07368952129098168
2024-10-09,600837.XSHG,2024-10-08,14:46:00,8.75,2024-10-09,14:56:00,8.75,-0.0006
2024-10-09,600030.XSHG,2024-10-08,14:46:00,29.43,2024-10-09,14:56:00,29.95,0.01706904519198098
2024-10-09,512760.XSHG,2024-10-08,14:46:00,0.989,2024-10-09,14:56:00,1.088,0.09950111223458051
2024-10-10,159915.XSHE,2024-10-09,14:46:00,2.269,2024-10-10,14:56:00,2.175,-0.04202794182459242
2024-10-10,600030.XSHG,2024-10-09,14:46:00,30.28,2024-10-10,14:56:00,27.31,-0.09868454425363289
2024-10-10,159928.XSHE,2024-10-09,14:46:00,0.839,2024-10-10,14:56:00,0.858,0.022046007151370773
2024-10-10,510500.XSHG,2024-10-09,14:46:00,5.776,2024-10-10,14:56:00,5.686,-0.01618171745152348
2024-10-10,512010.XSHG,2024-10-09,14:46:00,0.402,2024-10-10,14:56:00,0.399,-0.0080626865671642
2024-10-11,159915.XSHE,2024-10-10,14:46:00,2.181,2024-10-11,14:56:00,2.062,-0.055162127464465985
2024-10-11,512690.XSHG,2024-10-10,14:46:00,0.651,2024-10-11,14:56:00,0.63,-0.03285806451612912
2024-10-11,600340.XSHG,2024-10-10,14:46:00,1.41,2024-10-11,14:56:00,1.39,-0.014784397163120588
2024-10-11,601857.XSHG,2024-10-10,14:46:00,8.51,2024-10-11,14:56:00,8.45,-0.007650528789659283
2024-10-11,600030.XSHG,2024-10-10,14:46:00,27.33,2024-10-11,14:56:00,27.62,0.010011050128064514
2024-10-14,512760.XSHG,2024-10-11,14:46:00,0.982,2024-10-14,14:56:00,1.018,0.03605987780040747
2024-10-14,601857.XSHG,2024-10-11,14:46:00,8.41,2024-10-14,14:56:00,8.5,0.010101545778834643
2024-10-14,000002.XSHE,2024-10-11,14:46:00,9.06,2024-10-14,14:56:00,9.35,0.03140883002207488
2024-10-14,600340.XSHG,2024-10-11,14:46:00,1.38,2024-10-14,14:56:00,1.5,0.0863565217391306
2024-10-14,159915.XSHE,2024-10-11,14:46:00,2.047,2024-10-14,14:56:00,2.115,0.03261934538348814
2024-10-15,600519.XSHG,2024-10-14,14:46:00,1545.63,2024-10-15,14:56:00,1501.23,-0.029326150501737213
2024-10-15,000002.XSHE,2024-10-14,14:46:00,9.34,2024-10-15,14:56:00,9.21,-0.014518629550321082
2024-10-15,601166.XSHG,2024-10-14,14:46:00,18.8,2024-10-15,14:56:00,18.52,-0.015493617021276673
2024-10-15,512800.XSHG,2024-10-14,14:46:00,0.722,2024-10-15,14:56:00,0.707,-0.021375623268698084
2024-10-15,600036.XSHG,2024-10-14,14:46:00,37.61,2024-10-15,14:56:00,37.0,-0.0168190906673757
2024-10-16,600340.XSHG,2024-10-15,14:46:00,1.42,2024-10-16,14:56:00,1.56,0.09799154929577474
2024-10-16,600519.XSHG,2024-10-15,14:46:00,1504.1,2024-10-16,14:56:00,1470.73,-0.022786024865367915
2024-10-16,600104.XSHG,2024-10-15,14:46:00,13.18,2024-10-16,14:56:00,13.01,-0.013498330804248847
2024-10-16,600030.XSHG,2024-10-15,14:46:00,26.39,2024-10-16,14:56:00,25.97,-0.01651511936339529
2024-10-16,512690.XSHG,2024-10-15,14:46:00,0.617,2024-10-16,14:56:00,0.609,-0.01356596434359809
2024-10-17,601398.XSHG,2024-10-16,14:46:00,6.11,2024-10-17,14:56:00,6.05,-0.010419967266775809
2024-10-17,600000.XSHG,2024-10-16,14:46:00,10.08,2024-10-17,14:56:00,9.92,-0.016473015873015927
2024-10-17,000001.XSHE,2024-10-16,14:46:00,11.69,2024-10-17,14:56:00,11.58,-0.010009751924721932
2024-10-17,600276.XSHG,2024-10-16,14:46:00,49.1,2024-10-17,14:56:00,49.1,-0.0006
2024-10-17,512800.XSHG,2024-10-16,14:46:00,0.726,2024-10-17,14:56:00,0.715,-0.015751515151515138
2024-10-18,601318.XSHG,2024-10-17,14:46:00,54.65,2024-10-18,14:56:00,55.41,0.013306678865507782
2024-10-18,600030.XSHG,2024-10-17,14:46:00,25.8,2024-10-18,14:56:00,27.44,0.06296589147286828
2024-10-18,000858.XSHE,2024-10-17,14:46:00,132.34,2024-10-18,14:56:00,136.66,0.03204319177875174
2024-10-18,600036.XSHG,2024-10-17,14:46:00,37.0,2024-10-18,14:56:00,37.4,0.0102108108108107
2024-10-18,159915.XSHE,2024-10-17,14:46:00,2.002,2024-10-18,14:56:00,2.154,0.07532407592407601
2024-10-21,159915.XSHE,2024-10-18,14:46:00,2.189,2024-10-21,14:56:00,2.167,-0.010650251256281561
2024-10-21,600837.XSHG,2024-10-18,14:46:00,13.83,2024-10-21,14:56:00,12.4,-0.10399840925524224
2024-10-21,512010.XSHG,2024-10-18,14:46:00,0.378,2024-10-21,14:56:00,0.377,-0.003245502645502673
2024-10-21,600340.XSHG,2024-10-18,14:46:00,1.49,2024-10-21,14:56:00,1.42,-0.04757986577181213
2024-10-21,512760.XSHG,2024-10-18,14:46:00,1.078,2024-10-21,14:56:00,1.121,0.03928868274582557
2024-10-22,600837.XSHG,2024-10-21,14:46:00,12.4,2024-10-22,14:56:00,12.31,-0.007858064516128981
2024-10-22,512760.XSHG,2024-10-21,14:46:00,1.126,2024-10-22,14:56:00,1.106,-0.01836198934280626
2024-10-22,000001.XSHE,2024-10-21,14:46:00,11.44,2024-10-22,14:56:00,11.43,-0.0014741258741258305
2024-10-22,600000.XSHG,2024-10-21,14:46:00,9.86,2024-10-22,14:56:00,9.83,-0.003642596348884263
2024-10-22,601398.XSHG,2024-10-21,14:46:00,5.91,2024-10-22,14:56:00,5.89,-0.003984094754653177
2024-10-23,600340.XSHG,2024-10-22,14:46:00,1.5,2024-10-23,14:56:00,1.49,-0.0072666666666667094
2024-10-23,600837.XSHG,2024-10-22,14:46:00,12.21,2024-10-23,14:56:00,11.96,-0.021075020475020478
2024-10-23,000333.XSHE,2024-10-22,14:46:00,72.7,2024-10-23,14:56:00,72.86,0.0016008253094909504
2024-10-23,600036.XSHG,2024-10-22,14:46:00,37.49,2024-10-23,14:56:00,38.01,0.013270365430781462
2024-10-23,510500.XSHG,2024-10-22,14:46:00,5.735,2024-10-23,14:56:00,5.77,0.005502877070618851
2024-10-24,600340.XSHG,2024-10-23,14:46:00,1.48,2024-10-24,14:56:00,1.53,0.03318378378378377
2024-10-24,600837.XSHG,2024-10-23,14:46:00,11.96,2024-10-24,14:56:00,12.11,0.011941806020066826
2024-10-24,159915.XSHE,2024-10-23,14:46:00,2.156,2024-10-24,14:56:00,2.133,-0.01126790352504643
2024-10-24,600030.XSHG,2024-10-23,14:46:00,27.07,2024-10-24,14:56:00,26.81,-0.01020472848171412
2024-10-24,601318.XSHG,2024-10-23,14:46:00,56.44,2024-10-24,14:56:00,56.39,-0.0014858965272855455
2024-10-25,600030.XSHG,2024-10-24,14:46:00,26.84,2024-10-25,14:56:00,27.03,0.0064789865871834225
2024-10-25,512690.XSHG,2024-10-24,14:46:00,0.621,2024-10-25,14:56:00,0.626,0.007451529790660261
2024-10-25,000858.XSHE,2024-10-24,14:46:00,139.72,2024-10-25,14:56:00,141.5,0.01213976524477538
2024-10-25,159915.XSHE,2024-10-24,14:46:00,2.134,2024-10-25,14:56:00,2.197,0.02892202436738527
2024-10-25,512010.XSHG,2024-10-24,14:46:00,0.376,2024-10-25,14:56:00,0.382,0.015357446808510634
2024-10-28,601857.XSHG,2024-10-25,14:46:00,8.16,2024-10-28,14:56:00,8.13,-0.00427647058823517
2024-10-28,600030.XSHG,2024-10-25,14:46:00,27.04,2024-10-28,14:56:00,27.01,-0.0017094674556212379
2024-10-28,600276.XSHG,2024-10-25,14:46:00,47.68,2024-10-28,14:56:00,48.45,0.015549328859060397
2024-10-28,601318.XSHG,2024-10-25,14:46:00,56.1,2024-10-28,14:56:00,55.89,-0.004343315508021427
2024-10-28,600104.XSHG,2024-10-25,14:46:00,13.27,2024-10-28,14:56:00,13.37,0.006935795026375247
2024-10-29,600276.XSHG,2024-10-28,14:46:00,48.38,2024-10-29,14:56:00,48.07,-0.0070076064489458904
2024-10-29,600519.XSHG,2024-10-28,14:46:00,1508.39,2024-10-29,14:56:00,1479.07,-0.020037943767858567
2024-10-29,512800.XSHG,2024-10-28,14:46:00,0.698,2024-10-29,14:56:00,0.699,0.0008326647564470996
2024-10-29,600837.XSHG,2024-10-28,14:46:00,11.68,2024-10-29,14:56:00,12.05,0.03107808219178081
2024-10-29,600340.XSHG,2024-10-28,14:46:00,1.71,2024-10-29,14:56:00,1.88,0.09881520467836251
2024-10-30,512760.XSHG,2024-10-29,14:46:00,1.092,2024-10-30,14:56:00,1.076,-0.01525201465201471
2024-10-30,600837.XSHG,2024-10-29,14:46:00,11.99,2024-10-30,14:56:00,11.87,-0.010608340283569672
2024-10-30,600030.XSHG,2024-10-29,14:46:00,26.8,2024-10-30,14:56:00,27.03,0.007982089552238825
2024-10-30,000002.XSHE,2024-10-29,14:46:00,9.11,2024-10-30,14:56:00,9.21,0.010376948408342624
2024-10-30,159915.XSHE,2024-10-29,14:46:00,2.137,2024-10-30,14:56:00,2.112,-0.01229864295741685
2024-10-31,600340.XSHG,2024-10-30,14:46:00,2.07,2024-10-31,14:56:00,2.28,0.10084927536231884
2024-10-31,600104.XSHG,2024-10-30,14:46:00,13.12,2024-10-31,14:56:00,12.81,-0.024228048780487742
2024-10-31,000858.XSHE,2024-10-30,14:46:00,142.12,2024-10-31,14:56:00,140.46,-0.012280270194202036
2024-10-31,600276.XSHG,2024-10-30,14:46:00,47.1,2024-10-31,14:56:00,46.5,-0.01333885350318471
2024-10-31,601857.XSHG,2024-10-30,14:46:00,7.9,2024-10-31,14:56:00,7.87,-0.0043974683544304
2024-11-01,512760.XSHG,2024-10-31,14:46:00,1.095,2024-11-01,14:56:00,1.056,-0.03621643835616435
2024-11-01,600837.XSHG,2024-10-31,14:46:00,11.71,2024-11-01,14:56:00,11.47,-0.021095303159692613
2024-11-01,600030.XSHG,2024-10-31,14:46:00,27.55,2024-11-01,14:56:00,27.49,-0.0027778584392014853
2024-11-01,510500.XSHG,2024-10-31,14:46:00,5.898,2024-11-01,14:56:00,5.842,-0.010094743981010467
2024-11-01,159915.XSHE,2024-10-31,14:46:00,2.119,2024-11-01,14:56:00,2.085,-0.016645304388862758
2024-11-04,512760.XSHG,2024-11-01,14:46:00,1.059,2024-11-04,14:56:00,1.074,0.013564305949008638
2024-11-04,159915.XSHE,2024-11-01,14:46:00,2.089,2024-11-04,14:56:00,2.144,0.02572838678793692
2024-11-04,000858.XSHE,2024-11-01,14:46:00,141.62,2024-11-04,14:56:00,141.97,0.0018714023443015433
2024-11-04,601318.XSHG,2024-11-01,14:46:00,54.75,2024-11-04,14:56:00,55.3,0.009445662100456543
2024-11-04,600030.XSHG,2024-11-01,14:46:00,27.52,2024-11-04,14:56:00,28.52,0.03573720930232553
2024-11-05,000333.XSHE,2024-11-04,14:46:00,69.41,2024-11-05,14:56:00,69.78,0.004730643999423845
2024-11-05,512010.XSHG,2024-11-04,14:46:00,0.373,2024-11-05,14:56:00,0.383,0.02620965147453085
2024-11-05,600340.XSHG,2024-11-04,14:46:00,2.76,2024-11-05,14:56:00,3.04,0.10084927536231884
2024-11-05,512690.XSHG,2024-11-04,14:46:00,0.63,2024-11-05,14:56:00,0.646,0.02479682539682553
2024-11-05,600837.XSHG,2024-11-04,14:46:00,11.65,2024-11-05,14:56:00,12.13,0.0406017167381975
2024-11-06,512010.XSHG,2024-11-05,14:46:00,0.382,2024-11-06,14:56:00,0.383,0.002017801047120505
2024-11-06,000333.XSHE,2024-11-05,14:46:00,69.68,2024-11-06,14:56:00,67.83,-0.027149942594718878
2024-11-06,600276.XSHG,2024-11-05,14:46:00,48.38,2024-11-06,14:56:00,48.51,0.002087060768912675
2024-11-06,600837.XSHG,2024-11-05,14:46:00,12.11,2024-11-06,14:56:00,12.29,0.014263748967795187
2024-11-06,600519.XSHG,2024-11-05,14:46:00,1519.78,2024-11-06,14:56:00,1516.11,-0.0030148231980944955
2024-11-07,600030.XSHG,2024-11-06,14:46:00,30.12,2024-11-07,14:56:00,33.62,0.11560185922974757
2024-11-07,600837.XSHG,2024-11-06,14:46:00,12.22,2024-11-07,14:56:00,12.85,0.05095482815057266
2024-11-07,512760.XSHG,2024-11-06,14:46:00,1.126,2024-11-07,14:56:00,1.175,0.0429168738898759
2024-11-07,159915.XSHE,2024-11-06,14:46:00,2.211,2024-11-07,14:56:00,2.303,0.04101013116237
2024-11-07,000002.XSHE,2024-11-06,14:46:00,9.42,2024-11-07,14:56:00,9.88,0.048232271762208054
2024-11-08,600340.XSHG,2024-11-07,14:46:00,3.67,2024-11-08,14:56:00,4.04,0.10021743869209813
2024-11-08,600030.XSHG,2024-11-07,14:46:00,33.62,2024-11-08,14:56:00,34.33,0.020518381915526508
2024-11-08,000333.XSHE,2024-11-07,14:46:00,68.59,2024-11-08,14:56:00,69.22,0.008585012392477043
2024-11-08,601398.XSHG,2024-11-07,14:46:00,5.88,2024-11-08,14:56:00,5.86,-0.00400136054421758
2024-11-08,601857.XSHG,2024-11-07,14:46:00,8.08,2024-11-08,14:56:00,8.02,-0.008025742574257432
2024-11-11,600030.XSHG,2024-11-08,14:46:00,34.16,2024-11-11,14:56:00,34.31,0.0037911007025763117
2024-11-11,601318.XSHG,2024-11-08,14:46:00,57.38,2024-11-11,14:56:00,56.78,-0.011056605088881132
2024-11-11,600837.XSHG,2024-11-08,14:46:00,12.39,2024-11-11,14:56:00,12.38,-0.0014071025020177645
2024-11-11,159915.XSHE,2024-11-08,14:46:00,2.275,2024-11-11,14:56:00,2.349,0.031927472527472675
2024-11-11,512760.XSHG,2024-11-08,14:46:00,1.184,2024-11-11,14:56:00,1.258,0.0619
2024-11-12,600340.XSHG,2024-11-11,14:46:00,3.62,2024-11-12,14:56:00,3.26,-0.10004751381215478
2024-11-12,601398.XSHG,2024-11-11,14:46:00,5.79,2024-11-12,14:56:00,5.77,-0.004054231433506094
2024-11-12,000858.XSHE,2024-11-11,14:46:00,147.31,2024-11-12,14:56:00,147.44,0.00028249270246421046
2024-11-12,600837.XSHG,2024-11-11,14:46:00,12.39,2024-11-12,14:56:00,12.17,-0.01835625504439071
2024-11-12,000002.XSHE,2024-11-11,14:46:00,9.26,2024-11-12,14:56:00,9.19,-0.008159395248380118
2024-11-13,600030.XSHG,2024-11-12,14:46:00,32.74,2024-11-13,14:56:00,32.4,-0.010984850335980578
2024-11-13,600837.XSHG,2024-11-12,14:46:00,12.1,2024-11-13,14:56:00,12.22,0.009317355371900971
2024-11-13,512760.XSHG,2024-11-12,14:46:00,1.211,2024-11-13,14:56:00,1.225,0.010960693641618603
2024-11-13,159915.XSHE,2024-11-12,14:46:00,2.321,2024-11-13,14:56:00,2.372,0.021373287376130912
2024-11-13,600276.XSHG,2024-11-12,14:46:00,48.92,2024-11-13,14:56:00,49.18,0.0047147996729354665
2024-11-14,600030.XSHG,2024-11-13,14:46:00,32.44,2024-11-14,14:56:00,32.13,-0.010156103575832142
2024-11-14,600340.XSHG,2024-11-13,14:46:00,2.94,2024-11-14,14:56:00,2.7,-0.08223265306122436
2024-11-14,000333.XSHE,2024-11-13,14:46:00,70.1,2024-11-14,14:56:00,70.29,0.002110413694722025
2024-11-14,000001.XSHE,2024-11-13,14:46:00,11.25,2024-11-14,14:56:00,11.19,-0.005933333333333412
2024-11-14,601166.XSHG,2024-11-13,14:46:00,17.34,2024-11-14,14:56:00,17.38,0.0017068050749710524
2024-11-15,600104.XSHG,2024-11-14,14:46:00,16.68,2024-11-15,14:56:00,17.15,0.027577458033572966
2024-11-15,601318.XSHG,2024-11-14,14:46:00,55.58,2024-11-15,14:56:00,54.31,-0.023449946023749457
2024-11-15,600340.XSHG,2024-11-14,14:46:00,2.73,2024-11-15,14:56:00,2.49,-0.08851208791208783
2024-11-15,512760.XSHG,2024-11-14,14:46:00,1.185,2024-11-15,14:56:00,1.129,-0.047857383966244796
2024-11-15,600276.XSHG,2024-11-14,14:46:00,48.64,2024-11-15,14:56:00,47.73,-0.019308881578947456
2024-11-18,600340.XSHG,2024-11-15,14:46:00,2.5,2024-11-18,14:56:00,2.59,0.03540000000000003
2024-11-18,512760.XSHG,2024-11-15,14:46:00,1.133,2024-11-18,14:56:00,1.104,-0.026195763459841048
2024-11-18,000001.XSHE,2024-11-15,14:46:00,11.13,2024-11-18,14:56:00,11.39,0.02276028751123087
2024-11-18,000333.XSHE,2024-11-15,14:46:00,69.26,2024-11-18,14:56:00,67.91,-0.020091770141495945
2024-11-18,510500.XSHG,2024-11-15,14:46:00,5.947,2024-11-18,14:56:00,5.829,-0.020441937111148566
2024-11-19,600837.XSHG,2024-11-18,14:46:00,11.51,2024-11-19,14:56:00,11.68,0.01416976542137276
2024-11-19,512690.XSHG,2024-11-18,14:46:00,0.641,2024-11-19,14:56:00,0.641,-0.0006
2024-11-19,510500.XSHG,2024-11-18,14:46:00,5.803,2024-11-19,14:56:00,5.925,0.020423608478373257
2024-11-19,600000.XSHG,2024-11-18,14:46:00,9.52,2024-11-19,14:56:00,9.51,-0.001650420168067223
2024-11-19,000858.XSHE,2024-11-18,14:46:00,142.54,2024-11-19,14:56:00,141.84,-0.005510902202890366
2024-11-20,000333.XSHE,2024-11-19,14:46:00,67.91,2024-11-20,14:56:00,68.16,0.003081342953909539
2024-11-20,512690.XSHG,2024-11-19,14:46:00,0.636,2024-11-20,14:56:00,0.645,0.013550943396226357
2024-11-20,159928.XSHE,2024-11-19,14:46:00,0.834,2024-11-20,14:56:00,0.842,0.00899232613908867
2024-11-20,600036.XSHG,2024-11-19,14:46:00,36.12,2024-11-20,14:56:00,35.93,-0.00586024363233657
2024-11-20,600276.XSHG,2024-11-19,14:46:00,47.05,2024-11-20,14:56:00,50.3,0.06847545164718387
2024-11-21,601166.XSHG,2024-11-20,14:46:00,17.41,2024-11-21,14:56:00,17.42,-2.5617461229043262e-05
2024-11-21,512800.XSHG,2024-11-20,14:46:00,0.699,2024-11-21,14:56:00,0.698,-0.0020306151645206987
2024-11-21,601857.XSHG,2024-11-20,14:46:00,7.9,2024-11-21,14:56:00,7.88,-0.0031316455696202665
2024-11-21,000333.XSHE,2024-11-20,14:46:00,68.11,2024-11-21,14:56:00,67.53,-0.009115636470415533
2024-11-21,601398.XSHG,2024-11-20,14:46:00,5.9,2024-11-21,14:56:00,5.88,-0.003989830508474634
2024-11-22,600340.XSHG,2024-11-21,14:46:00,2.88,2024-11-22,14:56:00,2.92,0.01328888888888884
2024-11-22,601857.XSHG,2024-11-21,14:46:00,7.88,2024-11-22,14:56:00,7.8,-0.010752284263959421
2024-11-22,000858.XSHE,2024-11-21,14:46:00,142.83,2024-11-22,14:56:00,138.52,-0.030775733389343984
2024-11-22,600000.XSHG,2024-11-21,14:46:00,9.41,2024-11-22,14:56:00,9.21,-0.021853985122210328
2024-11-22,601398.XSHG,2024-11-21,14:46:00,5.88,2024-11-22,14:56:00,5.82,-0.010804081632652961
2024-11-25,600104.XSHG,2024-11-22,14:46:00,17.96,2024-11-25,14:56:00,19.38,0.07846458797327387
2024-11-25,600837.XSHG,2024-11-22,14:46:00,11.37,2024-11-25,14:56:00,11.25,-0.01115408970976246
2024-11-25,600030.XSHG,2024-11-22,14:46:00,30.05,2024-11-25,14:56:00,29.09,-0.03254675540765391
2024-11-25,512760.XSHG,2024-11-22,14:46:00,1.098,2024-11-25,14:56:00,1.078,-0.01881493624772319
2024-11-25,000858.XSHE,2024-11-22,14:46:00,138.77,2024-11-25,14:56:00,137.5,-0.009751833969878287
2024-11-26,601398.XSHG,2024-11-25,14:46:00,5.85,2024-11-26,14:56:00,5.9,0.007947008547008739
2024-11-26,600036.XSHG,2024-11-25,14:46:00,34.83,2024-11-26,14:56:00,34.84,-0.0003128911857593447
2024-11-26,600000.XSHG,2024-11-25,14:46:00,9.08,2024-11-26,14:56:00,9.03,-0.006106607929515517
2024-11-26,512800.XSHG,2024-11-25,14:46:00,0.685,2024-11-26,14:56:00,0.69,0.006699270072992581
2024-11-26,600519.XSHG,2024-11-25,14:46:00,1450.46,2024-11-26,14:56:00,1458.17,0.00471555506528969
2024-11-27,600340.XSHG,2024-11-26,14:46:00,2.61,2024-11-27,14:56:00,2.86,0.09518544061302674
2024-11-27,600104.XSHG,2024-11-26,14:46:00,18.44,2024-11-27,14:56:00,17.78,-0.036391757049891574
2024-11-27,600030.XSHG,2024-11-26,14:46:00,29.18,2024-11-27,14:56:00,29.77,0.019619328307059525
2024-11-27,000002.XSHE,2024-11-26,14:46:00,8.37,2024-11-27,14:56:00,8.45,0.008957945041815952
2024-11-27,512760.XSHG,2024-11-26,14:46:00,1.069,2024-11-27,14:56:00,1.105,0.03307633302151551
2024-11-28,600104.XSHG,2024-11-27,14:46:00,17.68,2024-11-28,14:56:00,17.35,-0.019265158371040658
2024-11-28,600340.XSHG,2024-11-27,14:46:00,2.86,2024-11-28,14:56:00,2.9,0.013386013986013957
2024-11-28,600000.XSHG,2024-11-27,14:46:00,9.14,2024-11-28,14:56:00,9.19,0.00487045951859948
2024-11-28,601398.XSHG,2024-11-27,14:46:00,5.93,2024-11-28,14:56:00,5.93,-0.0006
2024-11-28,600036.XSHG,2024-11-27,14:46:00,35.08,2024-11-28,14:56:00,34.89,-0.006016191562143568
2024-11-29,600340.XSHG,2024-11-28,14:46:00,2.91,2024-11-29,14:56:00,2.88,-0.010909278350515538
2024-11-29,512760.XSHG,2024-11-28,14:46:00,1.1,2024-11-29,14:56:00,1.122,0.019400000000000018
2024-11-29,159915.XSHE,2024-11-28,14:46:00,2.129,2024-11-29,14:56:00,2.181,0.02382461249412875
2024-11-29,600104.XSHG,2024-11-28,14:46:00,17.35,2024-11-29,14:56:00,17.49,0.007469164265129603
2024-11-29,510500.XSHG,2024-11-28,14:46:00,5.758,2024-11-29,14:56:00,5.849,0.015204098645362919
2024-12-02,600104.XSHG,2024-11-29,14:46:00,17.48,2024-12-02,14:56:00,18.88,0.07949153318077788
2024-12-02,512010.XSHG,2024-11-29,14:46:00,0.376,2024-12-02,14:56:00,0.38,0.010038297872340497
2024-12-02,512760.XSHG,2024-11-29,14:46:00,1.12,2024-12-02,14:56:00,1.128,0.006542857142856896
2024-12-02,512690.XSHG,2024-11-29,14:46:00,0.637,2024-12-02,14:56:00,0.64,0.004109576138147487
2024-12-02,600030.XSHG,2024-11-29,14:46:00,30.24,2024-12-02,14:56:00,30.74,0.015934391534391624
2024-12-03,600104.XSHG,2024-12-02,14:46:00,18.82,2024-12-03,14:56:00,18.76,-0.00378809776833151
2024-12-03,600276.XSHG,2024-12-02,14:46:00,50.14,2024-12-03,14:56:00,49.44,-0.014560909453530124
2024-12-03,512760.XSHG,2024-12-02,14:46:00,1.124,2024-12-03,14:56:00,1.11,-0.01305551601423489
2024-12-03,600519.XSHG,2024-12-02,14:46:00,1469.11,2024-12-03,14:56:00,1472.68,0.0018300426789010123
2024-12-03,159915.XSHE,2024-12-02,14:46:00,2.205,2024-12-03,14:56:00,2.202,-0.001960544217687165
2024-12-04,600104.XSHG,2024-12-03,14:46:00,18.83,2024-12-04,14:56:00,17.78,-0.05636208178438647
2024-12-04,512760.XSHG,2024-12-03,14:46:00,1.111,2024-12-04,14:56:00,1.112,0.00030009000900104224
2024-12-04,159928.XSHE,2024-12-03,14:46:00,0.835,2024-12-04,14:56:00,0.828,-0.008983233532934131
2024-12-04,600837.XSHG,2024-12-03,14:46:00,11.62,2024-12-04,14:56:00,11.45,-0.015229948364888068
2024-12-04,159915.XSHE,2024-12-03,14:46:00,2.202,2024-12-04,14:56:00,2.168,-0.016040508628519422
2024-12-05,600340.XSHG,2024-12-04,14:46:00,3.61,2024-12-05,14:56:00,3.66,0.013250415512465464
2024-12-05,512760.XSHG,2024-12-04,14:46:00,1.109,2024-12-05,14:56:00,1.11,0.000301713255184955
2024-12-05,600030.XSHG,2024-12-04,14:46:00,30.12,2024-12-05,14:56:00,30.37,0.007700132802124827
2024-12-05,159915.XSHE,2024-12-04,14:46:00,2.162,2024-12-05,14:56:00,2.177,0.006338020351526353
2024-12-05,600276.XSHG,2024-12-04,14:46:00,49.1,2024-12-05,14:56:00,48.71,-0.008542973523421548
2024-12-06,600519.XSHG,2024-12-05,14:46:00,1458.75,2024-12-06,14:56:00,1470.73,0.007612510711225418
2024-12-06,000858.XSHE,2024-12-05,14:46:00,138.52,2024-12-06,14:56:00,139.97,0.009867802483395739
2024-12-06,601857.XSHG,2024-12-05,14:46:00,8.05,2024-12-06,14:56:00,8.1,0.005611180124223503
2024-12-06,000002.XSHE,2024-12-05,14:46:00,8.5,2024-12-06,14:56:00,8.67,0.019400000000000018
2024-12-06,601166.XSHG,2024-12-05,14:46:00,17.46,2024-12-06,14:56:00,17.69,0.012572966781214157
2024-12-09,600104.XSHG,2024-12-06,14:46:00,17.68,2024-12-09,14:56:00,17.98,0.016368325791855143
2024-12-09,512010.XSHG,2024-12-06,14:46:00,0.38,2024-12-09,14:56:00,0.382,0.004663157894736859
2024-12-09,512690.XSHG,2024-12-06,14:46:00,0.635,2024-12-09,14:56:00,0.634,-0.0021748031496063407
2024-12-09,512760.XSHG,2024-12-06,14:46:00,1.121,2024-12-09,14:56:00,1.106,-0.013980909901873239
2024-12-09,600030.XSHG,2024-12-06,14:46:00,30.7,2024-12-09,14:56:00,30.61,-0.0035315960912051907
2024-12-10,600340.XSHG,2024-12-09,14:46:00,3.72,2024-12-10,14:56:00,3.65,-0.019417204301075363
2024-12-10,512010.XSHG,2024-12-09,14:46:00,0.382,2024-12-10,14:56:00,0.381,-0.0032178010471203937
2024-12-10,600104.XSHG,2024-12-09,14:46:00,18.03,2024-12-10,14:56:00,17.89,-0.008364836383804763
2024-12-10,600276.XSHG,2024-12-09,14:46:00,49.17,2024-12-10,14:56:00,47.97,-0.02500512507626602
2024-12-10,601857.XSHG,2024-12-09,14:46:00,8.19,2024-12-10,14:56:00,8.14,-0.006705006105005972
2024-12-11,600340.XSHG,2024-12-10,14:46:00,3.68,2024-12-11,14:56:00,3.69,0.0021173913043476718
2024-12-11,600276.XSHG,2024-12-10,14:46:00,47.88,2024-12-11,14:56:00,47.98,0.0014885547201334733
2024-12-11,512760.XSHG,2024-12-10,14:46:00,1.115,2024-12-11,14:56:00,1.109,-0.005981165919282504
2024-12-11,600030.XSHG,2024-12-10,14:46:00,31.0,2024-12-11,14:56:00,30.82,-0.006406451612903163
2024-12-11,510500.XSHG,2024-12-10,14:46:00,5.992,2024-12-11,14:56:00,6.039,0.007243791722296434
2024-12-12,600104.XSHG,2024-12-11,14:46:00,17.61,2024-12-12,14:56:00,17.25,-0.021042930153321992
2024-12-12,159915.XSHE,2024-12-11,14:46:00,2.214,2024-12-12,14:56:00,2.248,0.014756820234869062
2024-12-12,512760.XSHG,2024-12-11,14:46:00,1.108,2024-12-12,14:56:00,1.117,0.007522743682310363
2024-12-12,600340.XSHG,2024-12-11,14:46:00,3.7,2024-12-12,14:56:00,3.68,-0.006005405405405461
2024-12-12,512010.XSHG,2024-12-11,14:46:00,0.381,2024-12-12,14:56:00,0.385,0.00989868766404205
2024-12-13,600104.XSHG,2024-12-12,14:46:00,17.18,2024-12-13,14:56:00,18.45,0.07332316647264252
2024-12-13,600837.XSHG,2024-12-12,14:46:00,11.77,2024-12-13,14:56:00,11.53,-0.02099082412914195
2024-12-13,000001.XSHE,2024-12-12,14:46:00,11.47,2024-12-13,14:56:00,11.22,-0.022395989537925053
2024-12-13,601166.XSHG,2024-12-12,14:46:00,17.88,2024-12-13,14:56:00,17.38,-0.028564205816554788
2024-12-13,510500.XSHG,2024-12-12,14:46:00,6.096,2024-12-13,14:56:00,5.996,-0.01700419947506555
2024-12-16,600030.XSHG,2024-12-13,14:46:00,29.93,2024-12-16,14:56:00,29.54,-0.01363040427664548
2024-12-16,159915.XSHE,2024-12-13,14:46:00,2.194,2024-12-16,14:56:00,2.159,-0.016552597994530637
2024-12-16,000333.XSHE,2024-12-13,14:46:00,70.49,2024-12-16,14:56:00,69.74,-0.011239807064831919
2024-12-16,512760.XSHG,2024-12-13,14:46:00,1.101,2024-12-16,14:56:00,1.081,-0.01876530426884655
2024-12-16,000858.XSHE,2024-12-13,14:46:00,141.44,2024-12-16,14:56:00,138.14,-0.023931447963800933
2024-12-17,600340.XSHG,2024-12-16,14:46:00,3.36,2024-12-17,14:56:00,3.28,-0.024409523809523836
2024-12-17,512760.XSHG,2024-12-16,14:46:00,1.076,2024-12-17,14:56:00,1.072,-0.00431747211895912
2024-12-17,601318.XSHG,2024-12-16,14:46:00,51.49,2024-12-17,14:56:00,51.47,-0.0009884249368809599
2024-12-17,512690.XSHG,2024-12-16,14:46:00,0.632,2024-12-17,14:56:00,0.636,0.005729113924050667
2024-12-17,600104.XSHG,2024-12-16,14:46:00,18.17,2024-12-17,14:56:00,18.13,-0.0028014309301047195
2024-12-18,600340.XSHG,2024-12-17,14:46:00,3.28,2024-12-18,14:56:00,3.2,-0.024990243902438935
2024-12-18,512800.XSHG,2024-12-17,14:46:00,0.714,2024-12-18,14:56:00,0.723,0.012005042016806678
2024-12-18,512010.XSHG,2024-12-17,14:46:00,0.369,2024-12-18,14:56:00,0.37,0.0021100271002709066
2024-12-18,000858.XSHE,2024-12-17,14:46:00,138.74,2024-12-18,14:56:00,138.74,-0.0006
2024-12-18,000333.XSHE,2024-12-17,14:46:00,70.22,2024-12-18,14:56:00,70.73,0.0066628880660781105
2024-12-19,600340.XSHG,2024-12-18,14:46:00,3.19,2024-12-19,14:56:00,3.09,-0.0319479623824452
2024-12-19,600104.XSHG,2024-12-18,14:46:00,18.76,2024-12-19,14:56:00,18.23,-0.02885159914712161
2024-12-19,512760.XSHG,2024-12-18,14:46:00,1.096,2024-12-19,14:56:00,1.126,0.02677226277372251
2024-12-19,512010.XSHG,2024-12-18,14:46:00,0.369,2024-12-19,14:56:00,0.369,-0.0006
2024-12-19,510500.XSHG,2024-12-18,14:46:00,5.867,2024-12-19,14:56:00,5.9,0.005024680415885486
2024-12-20,000333.XSHE,2024-12-19,14:46:00,71.13,2024-12-20,14:56:00,70.57,-0.008472908758611019
2024-12-20,600519.XSHG,2024-12-19,14:46:00,1499.84,2024-12-20,14:56:00,1494.71,-0.004020364838916057
2024-12-20,601398.XSHG,2024-12-19,14:46:00,6.23,2024-12-20,14:56:00,6.28,0.007425682182985605
2024-12-20,512010.XSHG,2024-12-19,14:46:00,0.368,2024-12-20,14:56:00,0.368,-0.0006
2024-12-20,512760.XSHG,2024-12-19,14:46:00,1.124,2024-12-20,14:56:00,1.16,0.03142846975088946
2024-12-23,600340.XSHG,2024-12-20,14:46:00,3.1,2024-12-23,14:56:00,2.92,-0.0586645161290323
2024-12-23,600276.XSHG,2024-12-20,14:46:00,46.13,2024-12-23,14:56:00,45.7,-0.00992148276609579
2024-12-23,000333.XSHE,2024-12-20,14:46:00,70.53,2024-12-23,14:56:00,71.11,0.007623451013752881
2024-12-23,601318.XSHG,2024-12-20,14:46:00,51.11,2024-12-23,14:56:00,51.61,0.009182821365681871
2024-12-23,600036.XSHG,2024-12-20,14:46:00,36.39,2024-12-23,14:56:00,36.77,0.009842429238801898
2024-12-24,600000.XSHG,2024-12-23,14:46:00,9.67,2024-12-24,14:56:00,9.82,0.014911892450879028
2024-12-24,000858.XSHE,2024-12-23,14:46:00,136.17,2024-12-24,14:56:00,137.08,0.0060828229419111375
2024-12-24,600104.XSHG,2024-12-23,14:46:00,18.05,2024-12-24,14:56:00,18.54,0.026546814404432007
2024-12-24,600519.XSHG,2024-12-23,14:46:00,1497.95,2024-12-24,14:56:00,1509.4,0.007043779832437803
2024-12-24,000001.XSHE,2024-12-23,14:46:00,11.38,2024-12-24,14:56:00,11.5,0.009944815465729274
2024-12-25,601857.XSHG,2024-12-24,14:46:00,8.55,2024-12-25,14:56:00,8.77,0.025130994152046716
2024-12-25,601398.XSHG,2024-12-24,14:46:00,6.5,2024-12-25,14:56:00,6.66,0.024015384615384706
2024-12-25,000002.XSHE,2024-12-24,14:46:00,7.71,2024-12-25,14:56:00,7.53,-0.023946303501945442
2024-12-25,512800.XSHG,2024-12-24,14:46:00,0.736,2024-12-25,14:56:00,0.744,0.010269565217391353
2024-12-25,601166.XSHG,2024-12-24,14:46:00,18.16,2024-12-25,14:56:00,18.34,0.009311894273127775
2024-12-26,600104.XSHG,2024-12-25,14:46:00,18.73,2024-12-26,14:56:00,18.7,-0.0022017084890550535
2024-12-26,600837.XSHG,2024-12-25,14:46:00,11.4,2024-12-26,14:56:00,11.33,-0.006740350877193001
2024-12-26,512760.XSHG,2024-12-25,14:46:00,1.157,2024-12-26,14:56:00,1.179,0.018414693171996555
2024-12-26,159915.XSHE,2024-12-25,14:46:00,2.153,2024-12-26,14:56:00,2.166,0.005438086391082054
2024-12-26,600030.XSHG,2024-12-25,14:46:00,29.79,2024-12-26,14:56:00,29.87,0.0020854649211145444
2024-12-27,600340.XSHG,2024-12-26,14:46:00,2.99,2024-12-27,14:56:00,2.94,-0.017322408026755953
2024-12-27,512760.XSHG,2024-12-26,14:46:00,1.178,2024-12-27,14:56:00,1.169,-0.008240067911714676
2024-12-27,600030.XSHG,2024-12-26,14:46:00,29.88,2024-12-27,14:56:00,29.93,0.0010733601070950678
2024-12-27,601857.XSHG,2024-12-26,14:46:00,8.71,2024-12-27,14:56:00,8.67,-0.005192422502870397
2024-12-27,600837.XSHG,2024-12-26,14:46:00,11.32,2024-12-27,14:56:00,11.37,0.003816961130741859
2024-12-30,600340.XSHG,2024-12-27,14:46:00,2.94,2024-12-30,14:56:00,2.83,-0.03801496598639449
2024-12-30,601398.XSHG,2024-12-27,14:46:00,6.62,2024-12-30,14:56:00,6.65,0.003931722054380794
2024-12-30,601857.XSHG,2024-12-27,14:46:00,8.66,2024-12-30,14:56:00,8.75,0.009792609699769073
2024-12-30,600837.XSHG,2024-12-27,14:46:00,11.38,2024-12-30,14:56:00,11.4,0.0011574692442881014
2024-12-30,600030.XSHG,2024-12-27,14:46:00,29.95,2024-12-30,14:56:00,30.23,0.008748914858096968
2024-12-31,000333.XSHE,2024-12-30,14:46:00,71.89,2024-12-31,14:56:00,71.89,-0.0006
2024-12-31,512010.XSHG,2024-12-30,14:46:00,0.366,2024-12-31,14:56:00,0.362,-0.011528961748633892
2024-12-31,512800.XSHG,2024-12-30,14:46:00,0.75,2024-12-31,14:56:00,0.743,-0.009933333333333304
2024-12-31,600036.XSHG,2024-12-30,14:46:00,38.0,2024-12-31,14:56:00,37.7,-0.008494736842105177
2024-12-31,601166.XSHG,2024-12-30,14:46:00,18.68,2024-12-31,14:56:00,18.35,-0.018265952890792202
2025-01-02,601166.XSHG,2024-12-31,14:46:00,18.44,2025-01-02,14:56:00,18.06,-0.021207375271149864
2025-01-02,600000.XSHG,2024-12-31,14:46:00,10.06,2025-01-02,14:56:00,9.83,-0.023462823061630233
2025-01-02,000001.XSHE,2024-12-31,14:46:00,11.41,2025-01-02,14:56:00,11.08,-0.02952199824715158
2025-01-02,601318.XSHG,2024-12-31,14:46:00,51.6,2025-01-02,14:56:00,49.31,-0.04497984496124026
2025-01-02,600030.XSHG,2024-12-31,14:46:00,29.23,2025-01-02,14:56:00,27.23,-0.06902285323297981
2025-01-03,159915.XSHE,2025-01-02,14:46:00,2.002,2025-01-03,14:56:00,1.979,-0.012088511488511377
2025-01-03,510500.XSHG,2025-01-02,14:46:00,5.493,2025-01-03,14:56:00,5.426,-0.012797342071727735
2025-01-03,512010.XSHG,2025-01-02,14:46:00,0.35,2025-01-03,14:56:00,0.348,-0.006314285714285672
2025-01-03,512690.XSHG,2025-01-02,14:46:00,0.597,2025-01-03,14:56:00,0.593,-0.0073001675041875595
2025-01-03,601318.XSHG,2025-01-02,14:46:00,49.0,2025-01-03,14:56:00,48.86,-0.0034571428571428912
2025-01-06,600104.XSHG,2025-01-03,14:46:00,18.08,2025-01-06,14:56:00,17.8,-0.01608672566371667
2025-01-06,600340.XSHG,2025-01-03,14:46:00,2.51,2025-01-06,14:56:00,2.4,-0.04442470119521909
2025-01-06,512760.XSHG,2025-01-03,14:46:00,1.056,2025-01-06,14:56:00,1.043,-0.012910606060606188
2025-01-06,510500.XSHG,2025-01-03,14:46:00,5.435,2025-01-06,14:56:00,5.418,-0.0037278748850045444
2025-01-06,512010.XSHG,2025-01-03,14:46:00,0.348,2025-01-06,14:56:00,0.349,0.002273563218390718
2025-01-07,600000.XSHG,2025-01-06,14:46:00,9.83,2025-01-07,14:56:00,9.99,0.015676703967446515
2025-01-07,000858.XSHE,2025-01-06,14:46:00,125.07,2025-01-07,14:56:00,125.18,0.0002795074758136679
2025-01-07,600276.XSHG,2025-01-06,14:46:00,44.83,2025-01-07,14:56:00,43.91,-0.0211219718938211
2025-01-07,600519.XSHG,2025-01-06,14:46:00,1413.79,2025-01-07,14:56:00,1413.55,-0.0007697564701971243
2025-01-07,601166.XSHG,2025-01-06,14:46:00,18.36,2025-01-07,14:56:00,18.55,0.009748583877995754
2025-01-08,601318.XSHG,2025-01-07,14:46:00,48.71,2025-01-08,14:56:00,48.88,0.002890043112297281
2025-01-08,600276.XSHG,2025-01-07,14:46:00,43.95,2025-01-08,14:56:00,43.41,-0.012886689419795382
2025-01-08,600030.XSHG,2025-01-07,14:46:00,26.91,2025-01-08,14:56:00,26.75,-0.006545745076179842
2025-01-08,601166.XSHG,2025-01-07,14:46:00,18.57,2025-01-08,14:56:00,18.76,0.009631556273559539
2025-01-08,159928.XSHE,2025-01-07,14:46:00,0.78,2025-01-08,14:56:00,0.781,0.0006820512820512775
2025-01-09,159915.XSHE,2025-01-08,14:46:00,1.971,2025-01-09,14:56:00,1.971,-0.0006
2025-01-09,000002.XSHE,2025-01-08,14:46:00,6.96,2025-01-09,14:56:00,6.95,-0.0020367816091953587
2025-01-09,600340.XSHG,2025-01-08,14:46:00,2.43,2025-01-09,14:56:00,2.49,0.024091358024691468
2025-01-09,510500.XSHG,2025-01-08,14:46:00,5.459,2025-01-09,14:56:00,5.452,-0.0018822861329913058
2025-01-09,600000.XSHG,2025-01-08,14:46:00,9.99,2025-01-09,14:56:00,9.9,-0.009609009009009028
2025-01-10,600340.XSHG,2025-01-09,14:46:00,2.48,2025-01-10,14:56:00,2.35,-0.053019354838709634
2025-01-10,600276.XSHG,2025-01-09,14:46:00,43.0,2025-01-10,14:56:00,42.54,-0.011297674418604697
2025-01-10,512760.XSHG,2025-01-09,14:46:00,1.095,2025-01-10,14:56:00,1.088,-0.00699269406392684
2025-01-10,600104.XSHG,2025-01-09,14:46:00,17.31,2025-01-10,14:56:00,17.58,0.014997920277296229
2025-01-10,601398.XSHG,2025-01-09,14:46:00,6.57,2025-01-10,14:56:00,6.55,-0.003644140030441511
2025-01-13,600104.XSHG,2025-01-10,14:46:00,17.64,2025-01-13,14:56:00,16.21,-0.08166575963718821
2025-01-13,512760.XSHG,2025-01-10,14:46:00,1.092,2025-01-13,14:56:00,1.082,-0.009757509157509125
2025-01-13,159915.XSHE,2025-01-10,14:46:00,1.946,2025-01-13,14:56:00,1.942,-0.002655498458376159
2025-01-13,000858.XSHE,2025-01-10,14:46:00,123.25,2025-01-13,14:56:00,123.41,0.0006981744421907138
2025-01-13,600837.XSHG,2025-01-10,14:46:00,10.47,2025-01-13,14:56:00,10.38,-0.009195988538681931
2025-01-14,600104.XSHG,2025-01-13,14:46:00,16.19,2025-01-14,14:56:00,16.94,0.04572489190858546
2025-01-14,601857.XSHG,2025-01-13,14:46:00,8.6,2025-01-14,14:56:00,8.63,0.00288837209302344
2025-01-14,000002.XSHE,2025-01-13,14:46:00,6.75,2025-01-14,14:56:00,6.9,0.021622222222222365
2025-01-14,159928.XSHE,2025-01-13,14:46:00,0.769,2025-01-14,14:56:00,0.786,0.021506631989596837
2025-01-14,512690.XSHG,2025-01-13,14:46:00,0.57,2025-01-14,14:56:00,0.587,0.029224561403508865
2025-01-15,600030.XSHG,2025-01-14,14:46:00,27.31,2025-01-15,14:56:00,27.12,-0.007557158549981579
2025-01-15,600000.XSHG,2025-01-14,14:46:00,9.84,2025-01-15,14:56:00,9.91,0.006513821138211352
2025-01-15,601398.XSHG,2025-01-14,14:46:00,6.48,2025-01-15,14:56:00,6.5,0.0024864197530864336
2025-01-15,000002.XSHE,2025-01-14,14:46:00,6.89,2025-01-15,14:56:00,6.86,-0.004954136429608024
2025-01-15,600340.XSHG,2025-01-14,14:46:00,2.49,2025-01-15,14:56:00,2.48,-0.004616064257028162
2025-01-16,600030.XSHG,2025-01-15,14:46:00,27.08,2025-01-16,14:56:00,27.0,-0.0035542097488921558
2025-01-16,512760.XSHG,2025-01-15,14:46:00,1.117,2025-01-16,14:56:00,1.096,-0.019400358102059045
2025-01-16,512690.XSHG,2025-01-15,14:46:00,0.583,2025-01-16,14:56:00,0.58,-0.005745797598627766
2025-01-16,159915.XSHE,2025-01-15,14:46:00,1.994,2025-01-16,14:56:00,2.01,0.007424072216649803
2025-01-16,601318.XSHG,2025-01-15,14:46:00,47.66,2025-01-16,14:56:00,47.84,0.0031767519932858652
2025-01-17,512760.XSHG,2025-01-16,14:46:00,1.098,2025-01-17,14:56:00,1.117,0.01670418943533696
2025-01-17,600104.XSHG,2025-01-16,14:46:00,16.78,2025-01-17,14:56:00,16.69,-0.005963528009535101
2025-01-17,600276.XSHG,2025-01-16,14:46:00,42.8,2025-01-17,14:56:00,42.71,-0.0027028037383176155
2025-01-17,600030.XSHG,2025-01-16,14:46:00,27.01,2025-01-17,14:56:00,27.08,0.0019916327286188425
2025-01-17,159928.XSHE,2025-01-16,14:46:00,0.774,2025-01-17,14:56:00,0.782,0.009735917312661591
2025-01-20,600340.XSHG,2025-01-17,14:46:00,2.51,2025-01-20,14:56:00,2.46,-0.020520318725099584
2025-01-20,512760.XSHG,2025-01-17,14:46:00,1.115,2025-01-20,14:56:00,1.117,0.0011937219730941313
2025-01-20,600030.XSHG,2025-01-17,14:46:00,27.05,2025-01-20,14:56:00,27.16,0.0034665434380775524
2025-01-20,159915.XSHE,2025-01-17,14:46:00,2.024,2025-01-20,14:56:00,2.063,0.018668774703557368
2025-01-20,600837.XSHG,2025-01-17,14:46:00,10.55,2025-01-20,14:56:00,10.73,0.016461611374407537
2025-01-21,600340.XSHG,2025-01-20,14:46:00,2.46,2025-01-21,14:56:00,2.55,0.035985365853658566
2025-01-21,601318.XSHG,2025-01-20,14:46:00,48.46,2025-01-21,14:56:00,48.46,-0.0006
2025-01-21,600036.XSHG,2025-01-20,14:46:00,38.5,2025-01-21,14:56:00,38.46,-0.0016389610389610614
2025-01-21,601857.XSHG,2025-01-20,14:46:00,8.32,2025-01-21,14:56:00,8.2,-0.015023076923077094
2025-01-21,600104.XSHG,2025-01-20,14:46:00,16.97,2025-01-21,14:56:00,16.79,-0.011206953447259815
2025-01-22,000002.XSHE,2025-01-21,14:46:00,7.35,2025-01-22,14:56:00,7.02,-0.045497959183673456
2025-01-22,600340.XSHG,2025-01-21,14:46:00,2.54,2025-01-22,14:56:00,2.38,-0.06359212598425208
2025-01-22,600000.XSHG,2025-01-21,14:46:00,10.06,2025-01-22,14:56:00,9.74,-0.03240914512922473
2025-01-22,512010.XSHG,2025-01-21,14:46:00,0.345,2025-01-22,14:56:00,0.342,-0.009295652173912882
2025-01-22,600036.XSHG,2025-01-21,14:46:00,38.43,2025-01-22,14:56:00,37.78,-0.017513869372885748
2025-01-23,601398.XSHG,2025-01-22,14:46:00,6.31,2025-01-23,14:56:00,6.53,0.034265293185420084
2025-01-23,601857.XSHG,2025-01-22,14:46:00,8.0,2025-01-23,14:56:00,8.03,0.0031499999999999202
2025-01-23,600837.XSHG,2025-01-22,14:46:00,10.59,2025-01-23,14:56:00,10.3,-0.02798432483474973
2025-01-23,600340.XSHG,2025-01-22,14:46:00,2.38,2025-01-23,14:56:00,2.35,-0.013205042016806678
2025-01-23,512800.XSHG,2025-01-22,14:46:00,0.722,2025-01-23,14:56:00,0.74,0.024330747922437657
2025-01-24,000002.XSHE,2025-01-23,14:46:00,7.38,2025-01-24,14:56:00,7.38,-0.0006
2025-01-24,600340.XSHG,2025-01-23,14:46:00,2.35,2025-01-24,14:56:00,2.31,-0.017621276595744705
2025-01-24,600276.XSHG,2025-01-23,14:46:00,43.82,2025-01-24,14:56:00,44.63,0.01788471017800102
2025-01-24,512760.XSHG,2025-01-23,14:46:00,1.114,2025-01-24,14:56:00,1.119,0.003888330341112956
2025-01-24,000858.XSHE,2025-01-23,14:46:00,125.61,2025-01-24,14:56:00,124.54,-0.009118430061300819
2025-01-27,600000.XSHG,2025-01-24,14:46:00,10.11,2025-01-27,14:56:00,10.35,0.023138872403560762
2025-01-27,000333.XSHE,2025-01-24,14:46:00,69.44,2025-01-27,14:56:00,70.75,0.01826520737327202
2025-01-27,600036.XSHG,2025-01-24,14:46:00,38.68,2025-01-27,14:56:00,39.04,0.008707135470527417
2025-01-27,600104.XSHG,2025-01-24,14:46:00,16.81,2025-01-27,14:56:00,17.12,0.017841403926234612
2025-01-27,512010.XSHG,2025-01-24,14:46:00,0.345,2025-01-27,14:56:00,0.345,-0.0006
2025-02-05,600340.XSHG,2025-01-27,14:46:00,2.23,2025-02-05,14:56:00,2.26,0.012852914798206095
2025-02-05,600030.XSHG,2025-01-27,14:46:00,26.77,2025-02-05,14:56:00,26.72,-0.0024677624206201447
2025-02-05,512760.XSHG,2025-01-27,14:46:00,1.092,2025-02-05,14:56:00,1.122,0.026872527472527597
2025-02-05,159915.XSHE,2025-01-27,14:46:00,2.034,2025-02-05,14:56:00,2.023,-0.0060080629301866965
2025-02-05,510500.XSHG,2025-01-27,14:46:00,5.597,2025-02-05,14:56:00,5.608,0.0013653385742359754
2025-02-06,600104.XSHG,2025-02-05,14:46:00,16.94,2025-02-06,14:56:00,16.91,-0.0023709563164108875
2025-02-06,600030.XSHG,2025-02-05,14:46:00,26.73,2025-02-06,14:56:00,27.11,0.013616236438458596
2025-02-06,601318.XSHG,2025-02-05,14:46:00,48.39,2025-02-06,14:56:00,48.87,0.009319404835709855
2025-02-06,512690.XSHG,2025-02-05,14:46:00,0.56,2025-02-06,14:56:00,0.563,0.004757142857142616
2025-02-06,600519.XSHG,2025-02-05,14:46:00,1377.13,2025-02-06,14:56:00,1385.46,0.00544881165903004
2025-02-07,600837.XSHG,2025-02-06,14:46:00,10.41,2025-02-07,14:56:00,10.41,-0.0006
2025-02-07,601398.XSHG,2025-02-06,14:46:00,6.55,2025-02-07,14:56:00,6.56,0.0009267175572519776
2025-02-07,600519.XSHG,2025-02-06,14:46:00,1385.38,2025-02-07,14:56:00,1404.16,0.012955847493106565
2025-02-07,000333.XSHE,2025-02-06,14:46:00,68.8,2025-02-07,14:56:00,69.87,0.01495232558139541
2025-02-07,600000.XSHG,2025-02-06,14:46:00,10.09,2025-02-07,14:56:00,10.06,-0.0035732408325073843
2025-02-10,000001.XSHE,2025-02-07,14:46:00,11.02,2025-02-10,14:56:00,11.08,0.004844646098003769
2025-02-10,601398.XSHG,2025-02-07,14:46:00,6.53,2025-02-10,14:56:00,6.56,0.0039941807044409534
2025-02-10,601166.XSHG,2025-02-07,14:46:00,19.2,2025-02-10,14:56:00,19.46,0.012941666666666785
2025-02-10,600000.XSHG,2025-02-07,14:46:00,10.03,2025-02-10,14:56:00,9.98,-0.0055850448654036315
2025-02-10,600036.XSHG,2025-02-07,14:46:00,38.48,2025-02-10,14:56:00,38.95,0.011614137214137333
2025-02-11,600340.XSHG,2025-02-10,14:46:00,2.47,2025-02-11,14:56:00,2.41,-0.02489149797570851
2025-02-11,600104.XSHG,2025-02-10,14:46:00,18.09,2025-02-11,14:56:00,18.91,0.044728911000552804
2025-02-11,000333.XSHE,2025-02-10,14:46:00,69.64,2025-02-11,14:56:00,70.35,0.009595290063182094
2025-02-11,512010.XSHG,2025-02-10,14:46:00,0.356,2025-02-11,14:56:00,0.353,-0.009026966292134796
2025-02-11,601318.XSHG,2025-02-10,14:46:00,49.5,2025-02-11,14:56:00,49.07,-0.009286868686868632
2025-02-12,000002.XSHE,2025-02-11,14:46:00,7.23,2025-02-12,14:56:00,7.96,0.10036818810511743
2025-02-12,600104.XSHG,2025-02-11,14:46:00,18.49,2025-02-12,14:56:00,18.32,-0.00979415900486742
2025-02-12,600340.XSHG,2025-02-11,14:46:00,2.4,2025-02-12,14:56:00,2.57,0.0702333333333333
2025-02-12,512690.XSHG,2025-02-11,14:46:00,0.564,2025-02-12,14:56:00,0.572,0.013584397163120588
2025-02-12,512010.XSHG,2025-02-11,14:46:00,0.353,2025-02-12,14:56:00,0.354,0.002232861189801639
2025-02-13,000001.XSHE,2025-02-12,14:46:00,11.04,2025-02-13,14:56:00,11.15,0.009363768115942129
2025-02-13,600837.XSHG,2025-02-12,14:46:00,10.41,2025-02-13,14:56:00,10.41,-0.0006
2025-02-13,600104.XSHG,2025-02-12,14:46:00,18.29,2025-02-13,14:56:00,18.43,0.007054455986878084
2025-02-13,601398.XSHG,2025-02-12,14:46:00,6.76,2025-02-13,14:56:00,6.82,0.00827573964497057
2025-02-13,512010.XSHG,2025-02-12,14:46:00,0.353,2025-02-13,14:56:00,0.353,-0.0006
2025-02-14,000002.XSHE,2025-02-13,14:46:00,7.96,2025-02-14,14:56:00,7.8,-0.02070050251256279
2025-02-14,512010.XSHG,2025-02-13,14:46:00,0.352,2025-02-14,14:56:00,0.361,0.02496818181818188
2025-02-14,600030.XSHG,2025-02-13,14:46:00,27.9,2025-02-14,14:56:00,27.99,0.002625806451612856
2025-02-14,159915.XSHE,2025-02-13,14:46:00,2.137,2025-02-14,14:56:00,2.175,0.017181937295273664
2025-02-14,601318.XSHG,2025-02-13,14:46:00,49.71,2025-02-14,14:56:00,50.24,0.010061838664252743
2025-02-17,600104.XSHG,2025-02-14,14:46:00,18.29,2025-02-17,14:56:00,18.36,0.003227227993439042
2025-02-17,601857.XSHG,2025-02-14,14:46:00,7.87,2025-02-17,14:56:00,7.82,-0.006953240152477735
2025-02-17,000333.XSHE,2025-02-14,14:46:00,69.1,2025-02-17,14:56:00,68.69,-0.0065334298118668414
2025-02-17,600276.XSHG,2025-02-14,14:46:00,45.34,2025-02-17,14:56:00,45.09,-0.006113895015438863
2025-02-17,600837.XSHG,2025-02-14,14:46:00,10.41,2025-02-17,14:56:00,10.41,-0.0006
2025-02-18,601398.XSHG,2025-02-17,14:46:00,6.82,2025-02-18,14:56:00,6.95,0.018461583577712593
2025-02-18,000002.XSHE,2025-02-17,14:46:00,7.68,2025-02-18,14:56:00,7.51,-0.02273541666666663
2025-02-18,600104.XSHG,2025-02-17,14:46:00,18.36,2025-02-18,14:56:00,17.48,-0.04853028322440085
2025-02-18,512800.XSHG,2025-02-17,14:46:00,0.752,2025-02-18,14:56:00,0.761,0.01136808510638303
2025-02-18,600837.XSHG,2025-02-17,14:46:00,10.41,2025-02-18,14:56:00,10.41,-0.0006
2025-02-19,600104.XSHG,2025-02-18,14:46:00,17.48,2025-02-19,14:56:00,17.57,0.004548741418764313
2025-02-19,601318.XSHG,2025-02-18,14:46:00,49.85,2025-02-19,14:56:00,49.99,0.0022084252758275864
2025-02-19,159928.XSHE,2025-02-18,14:46:00,0.778,2025-02-19,14:56:00,0.786,0.009682776349614498
2025-02-19,000858.XSHE,2025-02-18,14:46:00,126.88,2025-02-19,14:56:00,127.7,0.005862799495586369
2025-02-19,600030.XSHG,2025-02-18,14:46:00,27.3,2025-02-19,14:56:00,27.74,0.01551721611721606
2025-02-20,601857.XSHG,2025-02-19,14:46:00,7.75,2025-02-20,14:56:00,7.78,0.003270967741935516
2025-02-20,000333.XSHE,2025-02-19,14:46:00,68.16,2025-02-20,14:56:00,67.92,-0.004121126760563264
2025-02-20,600000.XSHG,2025-02-19,14:46:00,10.14,2025-02-20,14:56:00,10.09,-0.005530966469428033
2025-02-20,601166.XSHG,2025-02-19,14:46:00,20.1,2025-02-20,14:56:00,19.92,-0.009555223880596996
2025-02-20,600837.XSHG,2025-02-19,14:46:00,10.41,2025-02-20,14:56:00,10.41,-0.0006
2025-02-21,600519.XSHG,2025-02-20,14:46:00,1445.67,2025-02-21,14:56:00,1459.4,0.00889732649913182
2025-02-21,510500.XSHG,2025-02-20,14:46:00,5.955,2025-02-21,14:56:00,6.053,0.0158567590260285
2025-02-21,601318.XSHG,2025-02-20,14:46:00,49.3,2025-02-21,14:56:00,49.69,0.00731075050709944
2025-02-21,000858.XSHE,2025-02-20,14:46:00,127.16,2025-02-21,14:56:00,127.8,0.0044330292544824575
2025-02-21,000333.XSHE,2025-02-20,14:46:00,67.95,2025-02-21,14:56:00,67.43,-0.008252685798381076
2025-02-24,512760.XSHG,2025-02-21,14:46:00,1.274,2025-02-24,14:56:00,1.279,0.0033246467817894983
2025-02-24,600340.XSHG,2025-02-21,14:46:00,2.6,2025-02-24,14:56:00,2.6,-0.0006
2025-02-24,600276.XSHG,2025-02-21,14:46:00,48.1,2025-02-24,14:56:00,47.93,-0.004134303534303618
2025-02-24,512690.XSHG,2025-02-21,14:46:00,0.589,2025-02-24,14:56:00,0.597,0.012982342954159499
2025-02-24,510500.XSHG,2025-02-21,14:46:00,6.053,2025-02-24,14:56:00,6.034,-0.003738939368907967
2025-02-25,512690.XSHG,2025-02-24,14:46:00,0.595,2025-02-25,14:56:00,0.585,-0.01740672268907568
2025-02-25,000858.XSHE,2025-02-24,14:46:00,128.41,2025-02-25,14:56:00,125.53,-0.023028159800638503
2025-02-25,512800.XSHG,2025-02-24,14:46:00,0.741,2025-02-25,14:56:00,0.735,-0.0086971659919028
2025-02-25,601857.XSHG,2025-02-24,14:46:00,7.68,2025-02-25,14:56:00,7.59,-0.01231875
2025-02-25,159928.XSHE,2025-02-24,14:46:00,0.79,2025-02-25,14:56:00,0.778,-0.01578987341772149
2025-02-26,512760.XSHG,2025-02-25,14:46:00,1.272,2025-02-26,14:56:00,1.297,0.019054088050314433
2025-02-26,600276.XSHG,2025-02-25,14:46:00,47.04,2025-02-26,14:56:00,47.35,0.005990136054421825
2025-02-26,510500.XSHG,2025-02-25,14:46:00,5.963,2025-02-26,14:56:00,6.045,0.01315146738219013
2025-02-26,159915.XSHE,2025-02-25,14:46:00,2.193,2025-02-26,14:56:00,2.224,0.013535886912904683
2025-02-26,510300.XSHG,2025-02-25,14:46:00,3.924,2025-02-26,14:56:00,3.964,0.009593679918450549
2025-02-27,512760.XSHG,2025-02-26,14:46:00,1.297,2025-02-27,14:56:00,1.292,-0.004455050115651459
2025-02-27,601166.XSHG,2025-02-26,14:46:00,19.53,2025-02-27,14:56:00,19.98,0.02244147465437789
2025-02-27,000333.XSHE,2025-02-26,14:46:00,66.81,2025-02-27,14:56:00,69.11,0.033825984134111683
2025-02-27,600837.XSHG,2025-02-26,14:46:00,10.41,2025-02-27,14:56:00,10.41,-0.0006
2025-02-27,601398.XSHG,2025-02-26,14:46:00,6.72,2025-02-27,14:56:00,6.78,0.008328571428571397
2025-02-28,000858.XSHE,2025-02-27,14:46:00,129.27,2025-02-28,14:56:00,128.23,-0.008645176761816486
2025-02-28,000001.XSHE,2025-02-27,14:46:00,11.26,2025-02-28,14:56:00,11.16,-0.00948099467140313
2025-02-28,600837.XSHG,2025-02-27,14:46:00,10.41,2025-02-28,14:56:00,10.41,-0.0006
2025-02-28,600340.XSHG,2025-02-27,14:46:00,2.64,2025-02-28,14:56:00,2.66,0.006975757575757569
2025-02-28,512690.XSHG,2025-02-27,14:46:00,0.605,2025-02-28,14:56:00,0.603,-0.003905785123966953
2025-03-03,600030.XSHG,2025-02-28,14:46:00,27.2,2025-03-03,14:56:00,27.15,-0.0024382352941176404
2025-03-03,600340.XSHG,2025-02-28,14:46:00,2.66,2025-03-03,14:56:00,2.65,-0.00435939849624074
2025-03-03,600276.XSHG,2025-02-28,14:46:00,45.71,2025-03-03,14:56:00,45.79,0.0011501640778823104
2025-03-03,159915.XSHE,2025-02-28,14:46:00,2.13,2025-03-03,14:56:00,2.155,0.011137089201877993
2025-03-03,512010.XSHG,2025-02-28,14:46:00,0.358,2025-03-03,14:56:00,0.359,0.0021932960893855
2025-03-04,000333.XSHE,2025-03-03,14:46:00,67.77,2025-03-04,14:56:00,68.59,0.011499749151541994
2025-03-04,000858.XSHE,2025-03-03,14:46:00,127.34,2025-03-04,14:56:00,126.41,-0.007903282550651824
2025-03-04,512690.XSHG,2025-03-03,14:46:00,0.597,2025-03-04,14:56:00,0.591,-0.01065025125628145
2025-03-04,159928.XSHE,2025-03-03,14:46:00,0.793,2025-03-04,14:56:00,0.791,-0.0031220680958385476
2025-03-04,159915.XSHE,2025-03-03,14:46:00,2.149,2025-03-04,14:56:00,2.148,-0.001065332712889621
2025-03-05,512010.XSHG,2025-03-04,14:46:00,0.358,2025-03-05,14:56:00,0.357,-0.0033932960893854995
2025-03-05,601166.XSHG,2025-03-04,14:46:00,19.9,2025-03-05,14:56:00,20.15,0.011962814070351758
2025-03-05,600036.XSHG,2025-03-04,14:46:00,40.11,2025-03-05,14:56:00,41.08,0.02358349538768383
2025-03-05,000858.XSHE,2025-03-04,14:46:00,126.33,2025-03-05,14:56:00,125.3,-0.00875324942610629
2025-03-05,512690.XSHG,2025-03-04,14:46:00,0.591,2025-03-05,14:56:00,0.592,0.0010920473773265334
2025-03-06,600340.XSHG,2025-03-05,14:46:00,2.51,2025-03-06,14:56:00,2.57,0.0233043824701195
2025-03-06,512010.XSHG,2025-03-05,14:46:00,0.355,2025-03-06,14:56:00,0.361,0.016301408450704203
2025-03-06,601166.XSHG,2025-03-05,14:46:00,20.15,2025-03-06,14:56:00,20.18,0.0008888337468983437
2025-03-06,601398.XSHG,2025-03-05,14:46:00,6.72,2025-03-06,14:56:00,6.69,-0.005064285714285587
2025-03-06,601857.XSHG,2025-03-05,14:46:00,7.43,2025-03-06,14:56:00,7.44,0.0007458950201885589
2025-03-07,600340.XSHG,2025-03-06,14:46:00,2.57,2025-03-07,14:56:00,2.48,-0.03561945525291828
2025-03-07,601318.XSHG,2025-03-06,14:46:00,50.25,2025-03-07,14:56:00,50.09,-0.003784079601989964
2025-03-07,512760.XSHG,2025-03-06,14:46:00,1.283,2025-03-07,14:56:00,1.264,-0.015409041309430948
2025-03-07,600000.XSHG,2025-03-06,14:46:00,9.84,2025-03-07,14:56:00,9.85,0.00041626016260158996
2025-03-07,600276.XSHG,2025-03-06,14:46:00,46.26,2025-03-07,14:56:00,45.54,-0.016164202334630295
2025-03-10,512010.XSHG,2025-03-07,14:46:00,0.356,2025-03-10,14:56:00,0.359,0.007826966292134797
2025-03-10,600000.XSHG,2025-03-07,14:46:00,9.83,2025-03-10,14:56:00,9.8,-0.003651881993896166
2025-03-10,600036.XSHG,2025-03-07,14:46:00,41.74,2025-03-10,14:56:00,41.28,-0.011620603737422196
2025-03-10,600276.XSHG,2025-03-07,14:46:00,45.43,2025-03-10,14:56:00,45.38,-0.0017005943209332346
2025-03-10,159915.XSHE,2025-03-07,14:46:00,2.157,2025-03-10,14:56:00,2.159,0.00032721372276294295
2025-03-11,601398.XSHG,2025-03-10,14:46:00,6.61,2025-03-11,14:56:00,6.63,0.00242571860816947
2025-03-11,601166.XSHG,2025-03-10,14:46:00,20.08,2025-03-11,14:56:00,20.32,0.01135219123505975
2025-03-11,600030.XSHG,2025-03-10,14:46:00,26.99,2025-03-11,14:56:00,27.04,0.0012525379770284457
2025-03-11,601318.XSHG,2025-03-10,14:46:00,49.77,2025-03-11,14:56:00,49.97,0.0034184850311431043
2025-03-11,600036.XSHG,2025-03-10,14:46:00,41.25,2025-03-11,14:56:00,41.73,0.011036363636363667
2025-03-12,601398.XSHG,2025-03-11,14:46:00,6.62,2025-03-12,14:56:00,6.59,-0.005131722054380682
2025-03-12,601166.XSHG,2025-03-11,14:46:00,20.28,2025-03-12,14:56:00,20.31,0.0008792899408282434
2025-03-12,000001.XSHE,2025-03-11,14:46:00,11.24,2025-03-12,14:56:00,11.48,0.020752313167259718
2025-03-12,000333.XSHE,2025-03-11,14:46:00,67.51,2025-03-12,14:56:00,66.89,-0.009783824618575142
2025-03-12,601318.XSHG,2025-03-11,14:46:00,49.89,2025-03-12,14:56:00,49.69,-0.004608819402685937
2025-03-13,600000.XSHG,2025-03-12,14:46:00,9.82,2025-03-13,14:56:00,9.9,0.007546639511201537
2025-03-13,159915.XSHE,2025-03-12,14:46:00,2.154,2025-03-13,14:56:00,2.124,-0.01452757660167121
2025-03-13,600030.XSHG,2025-03-12,14:46:00,27.1,2025-03-13,14:56:00,26.9,-0.00798007380073813
2025-03-13,601166.XSHG,2025-03-12,14:46:00,20.28,2025-03-13,14:56:00,20.37,0.0038378698224851744
2025-03-13,512760.XSHG,2025-03-12,14:46:00,1.256,2025-03-13,14:56:00,1.218,-0.030854777070063743
2025-03-14,600104.XSHG,2025-03-13,14:46:00,15.24,2025-03-14,14:56:00,15.51,0.017116535433070835
2025-03-14,000333.XSHE,2025-03-13,14:46:00,66.96,2025-03-14,14:56:00,68.46,0.02180143369175618
2025-03-14,000002.XSHE,2025-03-13,14:46:00,7.36,2025-03-14,14:56:00,7.53,0.02249782608695654
2025-03-14,600340.XSHG,2025-03-13,14:46:00,2.38,2025-03-14,14:56:00,2.44,0.024610084033613578
2025-03-14,601857.XSHG,2025-03-13,14:46:00,7.58,2025-03-14,14:56:00,7.62,0.004677044854881341
2025-03-17,600340.XSHG,2025-03-14,14:46:00,2.43,2025-03-17,14:56:00,2.46,0.011745679012345512
2025-03-17,600036.XSHG,2025-03-14,14:46:00,43.18,2025-03-17,14:56:00,43.21,9.476609541463402e-05
2025-03-17,512760.XSHG,2025-03-14,14:46:00,1.238,2025-03-17,14:56:00,1.235,-0.0030232633279481773
2025-03-17,601398.XSHG,2025-03-14,14:46:00,6.61,2025-03-17,14:56:00,6.67,0.008477155824508188
2025-03-17,510500.XSHG,2025-03-14,14:46:00,6.09,2025-03-17,14:56:00,6.102,0.0013704433497538256
2025-03-18,600000.XSHG,2025-03-17,14:46:00,10.28,2025-03-18,14:56:00,10.32,0.003291050583657574
2025-03-18,600276.XSHG,2025-03-17,14:46:00,46.3,2025-03-18,14:56:00,46.36,0.0006958963282938552
2025-03-18,000002.XSHE,2025-03-17,14:46:00,7.57,2025-03-18,14:56:00,7.54,-0.0045630118890356945
2025-03-18,512800.XSHG,2025-03-17,14:46:00,0.763,2025-03-18,14:56:00,0.763,-0.0006
2025-03-18,600030.XSHG,2025-03-17,14:46:00,27.63,2025-03-18,14:56:00,27.71,0.0022954035468693464
2025-03-19,512010.XSHG,2025-03-18,14:46:00,0.37,2025-03-19,14:56:00,0.37,-0.0006
2025-03-19,600000.XSHG,2025-03-18,14:46:00,10.31,2025-03-19,14:56:00,10.33,0.0013398642095052045
2025-03-19,600519.XSHG,2025-03-18,14:46:00,1592.36,2025-03-19,14:56:00,1605.09,0.007394423371599391
2025-03-19,601857.XSHG,2025-03-18,14:46:00,7.68,2025-03-19,14:56:00,7.66,-0.0032041666666666295
2025-03-19,600276.XSHG,2025-03-18,14:46:00,46.33,2025-03-19,14:56:00,47.1,0.016019900712281588
2025-03-20,512690.XSHG,2025-03-19,14:46:00,0.64,2025-03-20,14:56:00,0.631,-0.014662499999999978
2025-03-20,601398.XSHG,2025-03-19,14:46:00,6.72,2025-03-20,14:56:00,6.69,-0.005064285714285587
2025-03-20,600276.XSHG,2025-03-19,14:46:00,47.11,2025-03-20,14:56:00,46.46,-0.014397495223943912
2025-03-20,000858.XSHE,2025-03-19,14:46:00,135.28,2025-03-20,14:56:00,132.66,-0.019967238320520452
2025-03-20,512800.XSHG,2025-03-19,14:46:00,0.772,2025-03-20,14:56:00,0.768,-0.005781347150259086
2025-03-21,000002.XSHE,2025-03-20,14:46:00,7.42,2025-03-21,14:56:00,7.36,-0.008686253369272156
2025-03-21,000333.XSHE,2025-03-20,14:46:00,71.75,2025-03-21,14:56:00,71.57,-0.0031087108013938096
2025-03-21,600030.XSHG,2025-03-20,14:46:00,27.41,2025-03-21,14:56:00,26.88,-0.019936008755928557
2025-03-21,000858.XSHE,2025-03-20,14:46:00,132.64,2025-03-21,14:56:00,130.91,-0.013642822677925114
2025-03-21,512760.XSHG,2025-03-20,14:46:00,1.214,2025-03-21,14:56:00,1.182,-0.02695914332784184
2025-03-24,600340.XSHG,2025-03-21,14:46:00,2.36,2025-03-24,14:56:00,2.31,-0.021786440677966045
2025-03-24,000858.XSHE,2025-03-21,14:46:00,130.96,2025-03-24,14:56:00,130.9,-0.0010581551618815237
2025-03-24,600030.XSHG,2025-03-21,14:46:00,26.88,2025-03-24,14:56:00,26.93,0.001260119047619069
2025-03-24,600519.XSHG,2025-03-21,14:46:00,1540.17,2025-03-24,14:56:00,1550.71,0.006243400403851563
2025-03-24,600104.XSHG,2025-03-21,14:46:00,15.26,2025-03-24,14:56:00,15.19,-0.005187155963302725
2025-03-25,600519.XSHG,2025-03-24,14:46:00,1552.11,2025-03-25,14:56:00,1545.71,-0.004723419087564528
2025-03-25,600276.XSHG,2025-03-24,14:46:00,44.13,2025-03-25,14:56:00,44.71,0.012542986630410025
2025-03-25,000001.XSHE,2025-03-24,14:46:00,11.02,2025-03-25,14:56:00,11.07,0.00393720508166966
2025-03-25,601166.XSHG,2025-03-24,14:46:00,20.9,2025-03-25,14:56:00,20.83,-0.003949282296650768
2025-03-25,600036.XSHG,2025-03-24,14:46:00,43.22,2025-03-25,14:56:00,43.23,-0.00036862563627943986
2025-03-26,512760.XSHG,2025-03-25,14:46:00,1.168,2025-03-26,14:56:00,1.17,0.0011123287671232392
2025-03-26,600340.XSHG,2025-03-25,14:46:00,2.31,2025-03-26,14:56:00,2.39,0.034032034632034566
2025-03-26,159915.XSHE,2025-03-25,14:46:00,2.1,2025-03-26,14:56:00,2.099,-0.0010761904761904077
2025-03-26,600030.XSHG,2025-03-25,14:46:00,26.8,2025-03-26,14:56:00,26.73,-0.00321194029850742
2025-03-26,512010.XSHG,2025-03-25,14:46:00,0.358,2025-03-26,14:56:00,0.359,0.0021932960893855
2025-03-27,600036.XSHG,2025-03-26,14:46:00,40.85,2025-03-27,14:56:00,41.48,0.014822276621786857
2025-03-27,600276.XSHG,2025-03-26,14:46:00,46.05,2025-03-27,14:56:00,48.2,0.046088382193268204
2025-03-27,000002.XSHE,2025-03-26,14:46:00,7.19,2025-03-27,14:56:00,7.17,-0.0033816411682893836
2025-03-27,512760.XSHG,2025-03-26,14:46:00,1.17,2025-03-27,14:56:00,1.181,0.00880170940170959
2025-03-27,159928.XSHE,2025-03-26,14:46:00,0.819,2025-03-27,14:56:00,0.827,0.009168009768009733
2025-03-28,600340.XSHG,2025-03-27,14:46:00,2.33,2025-03-28,14:56:00,2.3,-0.013475536480686844
2025-03-28,600104.XSHG,2025-03-27,14:46:00,15.39,2025-03-28,14:56:00,15.37,-0.0018995451591943928
2025-03-28,159915.XSHE,2025-03-27,14:46:00,2.103,2025-03-28,14:56:00,2.089,-0.007257156443176548
2025-03-28,510500.XSHG,2025-03-27,14:46:00,5.957,2025-03-28,14:56:00,5.914,-0.007818398522746416
2025-03-28,000002.XSHE,2025-03-27,14:46:00,7.17,2025-03-28,14:56:00,7.13,-0.00617880055788007
2025-03-31,512010.XSHG,2025-03-28,14:46:00,0.365,2025-03-31,14:56:00,0.363,-0.006079452054794498
2025-03-31,600276.XSHG,2025-03-28,14:46:00,48.33,2025-03-31,14:56:00,48.93,0.011814649286157653
2025-03-31,159915.XSHE,2025-03-28,14:46:00,2.09,2025-03-31,14:56:00,2.063,-0.013518660287081218
2025-03-31,600030.XSHG,2025-03-28,14:46:00,26.59,2025-03-31,14:56:00,26.23,-0.014138924407672015
2025-03-31,601318.XSHG,2025-03-28,14:46:00,50.53,2025-03-31,14:56:00,50.16,-0.00792238274292507
2025-04-01,600340.XSHG,2025-03-31,14:46:00,2.25,2025-04-01,14:56:00,2.23,-0.009488888888888946
2025-04-01,512010.XSHG,2025-03-31,14:46:00,0.362,2025-04-01,14:56:00,0.374,0.032549171270718366
2025-04-01,600000.XSHG,2025-03-31,14:46:00,10.13,2025-04-01,14:56:00,10.04,-0.009484501480750373
2025-04-01,601398.XSHG,2025-03-31,14:46:00,6.75,2025-04-01,14:56:00,6.66,-0.013933333333333308
2025-04-01,000001.XSHE,2025-03-31,14:46:00,10.93,2025-04-01,14:56:00,10.93,-0.0006
2025-04-02,600000.XSHG,2025-04-01,14:46:00,10.04,2025-04-02,14:56:00,10.15,0.010356175298804993
2025-04-02,601166.XSHG,2025-04-01,14:46:00,20.31,2025-04-02,14:56:00,20.31,-0.0006
2025-04-02,512800.XSHG,2025-04-01,14:46:00,0.757,2025-04-02,14:56:00,0.764,0.008647027741083214
2025-04-02,600104.XSHG,2025-04-01,14:46:00,15.64,2025-04-02,14:56:00,15.6,-0.003157544757033292
2025-04-02,600036.XSHG,2025-04-01,14:46:00,41.11,2025-04-02,14:56:00,40.95,-0.004491997081002074
2025-04-03,512010.XSHG,2025-04-02,14:46:00,0.368,2025-04-03,14:56:00,0.366,-0.006034782608695676
2025-04-03,159928.XSHE,2025-04-02,14:46:00,0.815,2025-04-03,14:56:00,0.826,0.012896932515337346
2025-04-03,600104.XSHG,2025-04-02,14:46:00,15.59,2025-04-03,14:56:00,15.39,-0.013428736369467575
2025-04-03,600276.XSHG,2025-04-02,14:46:00,50.59,2025-04-03,14:56:00,50.86,0.00473702312710016
2025-04-03,600519.XSHG,2025-04-02,14:46:00,1517.79,2025-04-03,14:56:00,1538.72,0.013189786465848497
2025-04-07,512690.XSHG,2025-04-03,14:46:00,0.623,2025-04-07,14:56:00,0.598,-0.04072841091492781
2025-04-07,600000.XSHG,2025-04-03,14:46:00,10.12,2025-04-07,14:56:00,9.59,-0.05297154150197621
2025-04-07,601318.XSHG,2025-04-03,14:46:00,50.06,2025-04-07,14:56:00,47.37,-0.05433551737914517
2025-04-07,600276.XSHG,2025-04-03,14:46:00,50.85,2025-04-07,14:56:00,49.21,-0.03285172074729599
2025-04-07,512800.XSHG,2025-04-03,14:46:00,0.765,2025-04-07,14:56:00,0.735,-0.03981568627450989
2025-04-08,601857.XSHG,2025-04-07,14:46:00,7.13,2025-04-08,14:56:00,7.49,0.04989088359046294
2025-04-08,600340.XSHG,2025-04-07,14:46:00,2.03,2025-04-08,14:56:00,2.02,-0.005526108374384119
2025-04-08,600104.XSHG,2025-04-07,14:46:00,13.85,2025-04-08,14:56:00,14.55,0.04994151624548741
2025-04-08,600030.XSHG,2025-04-07,14:46:00,23.59,2025-04-08,14:56:00,24.26,0.027801865197117404
2025-04-08,512760.XSHG,2025-04-07,14:46:00,1.043,2025-04-08,14:56:00,1.053,0.008987727708533
2025-04-09,512800.XSHG,2025-04-08,14:46:00,0.741,2025-04-09,14:56:00,0.736,-0.0073476383265856475
2025-04-09,601318.XSHG,2025-04-08,14:46:00,47.6,2025-04-09,14:56:00,47.55,-0.001650420168067334
2025-04-09,601398.XSHG,2025-04-08,14:46:00,6.68,2025-04-09,14:56:00,6.63,-0.00808502994011968
2025-04-09,510500.XSHG,2025-04-08,14:46:00,5.285,2025-04-09,14:56:00,5.426,0.026079280983916698
2025-04-09,601166.XSHG,2025-04-08,14:46:00,19.82,2025-04-09,14:56:00,19.49,-0.017249848637739772
2025-04-10,600340.XSHG,2025-04-09,14:46:00,2.09,2025-04-10,14:56:00,2.17,0.03767751196172246
2025-04-10,000333.XSHE,2025-04-09,14:46:00,66.53,2025-04-10,14:56:00,67.87,0.019541289643769822
2025-04-10,512760.XSHG,2025-04-09,14:46:00,1.109,2025-04-10,14:56:00,1.118,0.007515419296663706
2025-04-10,000002.XSHE,2025-04-09,14:46:00,7.06,2025-04-10,14:56:00,7.19,0.017813597733711207
2025-04-10,159915.XSHE,2025-04-09,14:46:00,1.826,2025-04-10,14:56:00,1.864,0.020210514786418377
2025-04-11,600340.XSHG,2025-04-10,14:46:00,2.17,2025-04-11,14:56:00,2.19,0.008616589861751112
2025-04-11,510500.XSHG,2025-04-10,14:46:00,5.533,2025-04-11,14:56:00,5.573,0.006629351165732867
2025-04-11,159915.XSHE,2025-04-10,14:46:00,1.864,2025-04-11,14:56:00,1.89,0.013348497854077147
2025-04-11,512010.XSHG,2025-04-10,14:46:00,0.347,2025-04-11,14:56:00,0.347,-0.0006
2025-04-11,600104.XSHG,2025-04-10,14:46:00,14.89,2025-04-11,14:56:00,15.08,0.012160241773001946
2025-04-14,512760.XSHG,2025-04-11,14:46:00,1.167,2025-04-14,14:56:00,1.17,0.0019706940874035135
2025-04-14,510500.XSHG,2025-04-11,14:46:00,5.569,2025-04-14,14:56:00,5.616,0.007839576225534262
2025-04-14,159915.XSHE,2025-04-11,14:46:00,1.888,2025-04-14,14:56:00,1.896,0.003637288135593209
2025-04-14,600104.XSHG,2025-04-11,14:46:00,15.03,2025-04-14,14:56:00,15.43,0.02601343978709252
2025-04-14,000002.XSHE,2025-04-11,14:46:00,7.08,2025-04-14,14:56:00,7.05,-0.004837288135593209
2025-04-15,600340.XSHG,2025-04-14,14:46:00,2.19,2025-04-15,14:56:00,2.18,-0.0051662100456620445
2025-04-15,512010.XSHG,2025-04-14,14:46:00,0.349,2025-04-15,14:56:00,0.348,-0.003465329512893977
2025-04-15,600036.XSHG,2025-04-14,14:46:00,39.79,2025-04-15,14:56:00,40.46,0.01623840160844441
2025-04-15,600276.XSHG,2025-04-14,14:46:00,48.73,2025-04-15,14:56:00,48.09,-0.013733593269033294
2025-04-15,601398.XSHG,2025-04-14,14:46:00,6.72,2025-04-15,14:56:00,6.81,0.012792857142857206
2025-04-16,512760.XSHG,2025-04-15,14:46:00,1.152,2025-04-16,14:56:00,1.166,0.01155277777777768
2025-04-16,512690.XSHG,2025-04-15,14:46:00,0.611,2025-04-16,14:56:00,0.616,0.007583306055646433
2025-04-16,601857.XSHG,2025-04-15,14:46:00,7.51,2025-04-16,14:56:00,7.76,0.032688948069241094
2025-04-16,601398.XSHG,2025-04-15,14:46:00,6.81,2025-04-16,14:56:00,6.91,0.01408428781204123
2025-04-16,159915.XSHE,2025-04-15,14:46:00,1.89,2025-04-16,14:56:00,1.874,-0.009065608465608398
2025-04-17,512800.XSHG,2025-04-16,14:46:00,0.763,2025-04-17,14:56:00,0.768,0.005953079947575258
2025-04-17,600000.XSHG,2025-04-16,14:46:00,10.23,2025-04-17,14:56:00,10.41,0.016995307917888548
2025-04-17,601166.XSHG,2025-04-16,14:46:00,20.05,2025-04-17,14:56:00,20.18,0.005883790523690747
2025-04-17,000001.XSHE,2025-04-16,14:46:00,10.64,2025-04-17,14:56:00,10.72,0.006918796992481258
2025-04-17,000002.XSHE,2025-04-16,14:46:00,7.0,2025-04-17,14:56:00,7.19,0.026542857142857135
2025-04-18,512760.XSHG,2025-04-17,14:46:00,1.168,2025-04-18,14:56:00,1.16,-0.007449315068493178
2025-04-18,000002.XSHE,2025-04-17,14:46:00,7.18,2025-04-18,14:56:00,7.31,0.01750584958217265
2025-04-18,159915.XSHE,2025-04-17,14:46:00,1.875,2025-04-18,14:56:00,1.878,0.001000000000000046
2025-04-18,510500.XSHG,2025-04-17,14:46:00,5.556,2025-04-18,14:56:00,5.55,-0.0016799136069115088
2025-04-18,600104.XSHG,2025-04-17,14:46:00,15.36,2025-04-18,14:56:00,15.34,-0.0019020833333332592
2025-04-21,512760.XSHG,2025-04-18,14:46:00,1.158,2025-04-21,14:56:00,1.171,0.010626252158894834
2025-04-21,510500.XSHG,2025-04-18,14:46:00,5.555,2025-04-21,14:56:00,5.632,0.013261386138613874
2025-04-21,601857.XSHG,2025-04-18,14:46:00,7.75,2025-04-21,14:56:00,7.72,-0.004470967741935516
2025-04-21,159915.XSHE,2025-04-18,14:46:00,1.877,2025-04-21,14:56:00,1.907,0.015382951518380473
2025-04-21,159928.XSHE,2025-04-18,14:46:00,0.831,2025-04-21,14:56:00,0.827,-0.0054134777376654945
2025-04-22,600276.XSHG,2025-04-21,14:46:00,49.0,2025-04-22,14:56:00,50.79,0.03593061224489784
2025-04-22,512010.XSHG,2025-04-21,14:46:00,0.348,2025-04-22,14:56:00,0.351,0.008020689655172376
2025-04-22,000002.XSHE,2025-04-21,14:46:00,7.17,2025-04-22,14:56:00,7.18,0.0007947001394700731
2025-04-22,600036.XSHG,2025-04-21,14:46:00,40.59,2025-04-22,14:56:00,40.29,-0.007990983000739148
2025-04-22,601166.XSHG,2025-04-21,14:46:00,20.16,2025-04-22,14:56:00,20.11,-0.003080158730158721
2025-04-23,512690.XSHG,2025-04-22,14:46:00,0.608,2025-04-23,14:56:00,0.605,-0.0055342105263158185
2025-04-23,600036.XSHG,2025-04-22,14:46:00,40.37,2025-04-23,14:56:00,40.25,-0.0035725043349020373
2025-04-23,000002.XSHE,2025-04-22,14:46:00,7.18,2025-04-23,14:56:00,7.08,-0.01452757660167121
2025-04-23,600519.XSHG,2025-04-22,14:46:00,1521.29,2025-04-23,14:56:00,1523.23,0.0006752335189214481
2025-04-23,159915.XSHE,2025-04-22,14:46:00,1.901,2025-04-23,14:56:00,1.922,0.010446817464492431
2025-04-24,600000.XSHG,2025-04-23,14:46:00,10.35,2025-04-24,14:56:00,10.42,0.006163285024154575
2025-04-24,601398.XSHG,2025-04-23,14:46:00,6.98,2025-04-24,14:56:00,7.09,0.015159312320916763
2025-04-24,000333.XSHE,2025-04-23,14:46:00,68.6,2025-04-24,14:56:00,69.6,0.013977259475218707
2025-04-24,601166.XSHG,2025-04-23,14:46:00,20.03,2025-04-24,14:56:00,20.19,0.007388017973040496
2025-04-24,000001.XSHE,2025-04-23,14:46:00,10.67,2025-04-24,14:56:00,10.69,0.0012744142455482395
2025-04-25,512690.XSHG,2025-04-24,14:46:00,0.601,2025-04-25,14:56:00,0.602,0.0010638935108153065
2025-04-25,512010.XSHG,2025-04-24,14:46:00,0.351,2025-04-25,14:56:00,0.351,-0.0006
2025-04-25,159928.XSHE,2025-04-24,14:46:00,0.822,2025-04-25,14:56:00,0.82,-0.003033090024330897
2025-04-25,000001.XSHE,2025-04-24,14:46:00,10.69,2025-04-25,14:56:00,10.68,-0.0015354536950421098
2025-04-25,600000.XSHG,2025-04-24,14:46:00,10.43,2025-04-25,14:56:00,10.31,-0.012105273250239645
2025-04-28,512690.XSHG,2025-04-25,14:46:00,0.601,2025-04-28,14:56:00,0.601,-0.0006
2025-04-28,512010.XSHG,2025-04-25,14:46:00,0.351,2025-04-28,14:56:00,0.35,-0.0034490028490028017
2025-04-28,600104.XSHG,2025-04-25,14:46:00,15.62,2025-04-28,14:56:00,15.43,-0.01276389244558258
2025-04-28,601857.XSHG,2025-04-25,14:46:00,7.74,2025-04-28,14:56:00,7.8,0.007151937984496138
2025-04-28,159928.XSHE,2025-04-25,14:46:00,0.819,2025-04-28,14:56:00,0.817,-0.003042002442002433
2025-04-29,600519.XSHG,2025-04-28,14:46:00,1520.46,2025-04-29,14:56:00,1510.55,-0.00711776436078566
2025-04-29,601398.XSHG,2025-04-28,14:46:00,7.14,2025-04-29,14:56:00,7.11,-0.0048016806722687815
2025-04-29,512800.XSHG,2025-04-28,14:46:00,0.779,2025-04-29,14:56:00,0.776,-0.004451091142490381
2025-04-29,601857.XSHG,2025-04-28,14:46:00,7.8,2025-04-29,14:56:00,7.71,-0.012138461538461497
2025-04-29,000858.XSHE,2025-04-28,14:46:00,127.5,2025-04-29,14:56:00,126.08,-0.011737254901960825
2025-04-30,600340.XSHG,2025-04-29,14:46:00,2.16,2025-04-30,14:56:00,2.39,0.1058814814814814
2025-04-30,000002.XSHE,2025-04-29,14:46:00,6.83,2025-04-30,14:56:00,6.82,-0.0020641288433381304
2025-04-30,600036.XSHG,2025-04-29,14:46:00,40.35,2025-04-30,14:56:00,39.07,-0.03232242874845111
2025-04-30,159915.XSHE,2025-04-29,14:46:00,1.904,2025-04-30,14:56:00,1.919,0.007278151260504174
2025-04-30,510500.XSHG,2025-04-29,14:46:00,5.6,2025-04-30,14:56:00,5.627,0.004221428571428532
2025-05-06,512010.XSHG,2025-04-30,14:46:00,0.354,2025-05-06,14:56:00,0.357,0.007874576271186418
2025-05-06,000333.XSHE,2025-04-30,14:46:00,70.33,2025-05-06,14:56:00,70.6,0.003239044504478917
2025-05-06,159915.XSHE,2025-04-30,14:46:00,1.919,2025-05-06,14:56:00,1.958,0.019723084940072844
2025-05-06,600030.XSHG,2025-04-30,14:46:00,24.86,2025-05-06,14:56:00,25.28,0.016294609814963824
2025-05-06,601318.XSHG,2025-04-30,14:46:00,49.32,2025-05-06,14:56:00,49.38,0.0006165450121655042
2025-05-07,512760.XSHG,2025-05-06,14:46:00,1.189,2025-05-07,14:56:00,1.187,-0.002282085786375076
2025-05-07,601398.XSHG,2025-05-06,14:46:00,6.84,2025-05-07,14:56:00,6.96,0.01694385964912286
2025-05-07,600276.XSHG,2025-05-06,14:46:00,50.78,2025-05-07,14:56:00,51.17,0.007080189050807362
2025-05-07,600104.XSHG,2025-05-06,14:46:00,16.27,2025-05-07,14:56:00,16.4,0.0073901659496004475
2025-05-07,601166.XSHG,2025-05-06,14:46:00,19.84,2025-05-07,14:56:00,20.09,0.01200080645161299
2025-05-08,600104.XSHG,2025-05-07,14:46:00,16.34,2025-05-08,14:56:00,16.47,0.007355936352509019
2025-05-08,600000.XSHG,2025-05-07,14:46:00,11.0,2025-05-08,14:56:00,11.32,0.028490909090909056
2025-05-08,000333.XSHE,2025-05-07,14:46:00,70.98,2025-05-08,14:56:00,71.64,0.008698393913778513
2025-05-08,600276.XSHG,2025-05-07,14:46:00,50.99,2025-05-08,14:56:00,51.37,0.006852441655226405
2025-05-08,512800.XSHG,2025-05-07,14:46:00,0.77,2025-05-08,14:56:00,0.78,0.012387012987013103
2025-05-09,601318.XSHG,2025-05-08,14:46:00,50.5,2025-05-09,14:56:00,50.33,-0.003966336633663369
2025-05-09,600030.XSHG,2025-05-08,14:46:00,25.66,2025-05-09,14:56:00,25.35,-0.012681060015588396
2025-05-09,600276.XSHG,2025-05-08,14:46:00,51.39,2025-05-09,14:56:00,52.62,0.023334617629889132
2025-05-09,000333.XSHE,2025-05-08,14:46:00,71.69,2025-05-09,14:56:00,72.4,0.009303752266704036
2025-05-09,601166.XSHG,2025-05-08,14:46:00,20.59,2025-05-09,14:56:00,21.1,0.02416930548810108
2025-05-12,600340.XSHG,2025-05-09,14:46:00,2.4,2025-05-12,14:56:00,2.55,0.0619
2025-05-12,159928.XSHE,2025-05-09,14:46:00,0.822,2025-05-12,14:56:00,0.824,0.0018330900243310085
2025-05-12,510500.XSHG,2025-05-09,14:46:00,5.719,2025-05-12,14:56:00,5.788,0.01146504633677219
2025-05-12,512760.XSHG,2025-05-09,14:46:00,1.156,2025-05-12,14:56:00,1.162,0.00459031141868509
2025-05-12,000333.XSHE,2025-05-09,14:46:00,72.46,2025-05-12,14:56:00,73.02,0.007128401876897717
2025-05-13,600340.XSHG,2025-05-12,14:46:00,2.54,2025-05-13,14:56:00,2.6,0.023022047244094446
2025-05-13,600000.XSHG,2025-05-12,14:46:00,11.39,2025-05-13,14:56:00,11.71,0.027494820017559252
2025-05-13,601166.XSHG,2025-05-12,14:46:00,21.24,2025-05-13,14:56:00,21.53,0.01305348399246713
2025-05-13,600036.XSHG,2025-05-12,14:46:00,42.01,2025-05-13,14:56:00,42.68,0.015348583670554628
2025-05-13,512800.XSHG,2025-05-12,14:46:00,0.79,2025-05-13,14:56:00,0.803,0.015855696202531733
2025-05-14,159915.XSHE,2025-05-13,14:46:00,2.031,2025-05-14,14:56:00,2.052,0.009739734121122657
2025-05-14,512010.XSHG,2025-05-13,14:46:00,0.36,2025-05-14,14:56:00,0.363,0.007733333333333304
2025-05-14,600030.XSHG,2025-05-13,14:46:00,25.86,2025-05-14,14:56:00,26.81,0.03613627223511211
2025-05-14,600276.XSHG,2025-05-13,14:46:00,51.08,2025-05-14,14:56:00,52.75,0.03209381362568513
2025-05-14,600519.XSHG,2025-05-13,14:46:00,1560.22,2025-05-14,14:56:00,1603.57,0.027184543205445322
2025-05-15,512010.XSHG,2025-05-14,14:46:00,0.362,2025-05-15,14:56:00,0.363,0.002162430939226457
2025-05-15,600276.XSHG,2025-05-14,14:46:00,52.7,2025-05-15,14:56:00,53.48,0.014200759013282594
2025-05-15,000333.XSHE,2025-05-14,14:46:00,73.58,2025-05-15,14:56:00,73.02,-0.008210763794509423
2025-05-15,159915.XSHE,2025-05-14,14:46:00,2.05,2025-05-15,14:56:00,2.014,-0.018160975609756113
2025-05-15,000858.XSHE,2025-05-14,14:46:00,132.04,2025-05-15,14:56:00,130.29,-0.013853559527415914
2025-05-16,600340.XSHG,2025-05-15,14:46:00,2.57,2025-05-16,14:56:00,2.83,0.10056731517509736
2025-05-16,512010.XSHG,2025-05-15,14:46:00,0.363,2025-05-16,14:56:00,0.364,0.0021548209366390354
2025-05-16,601318.XSHG,2025-05-15,14:46:00,52.6,2025-05-16,14:56:00,51.9,-0.013907984790874583
2025-05-16,600030.XSHG,2025-05-15,14:46:00,26.31,2025-05-16,14:56:00,25.98,-0.013142759407069503
2025-05-16,600000.XSHG,2025-05-15,14:46:00,11.95,2025-05-16,14:56:00,11.79,-0.013989121338912124
2025-05-19,512010.XSHG,2025-05-16,14:46:00,0.363,2025-05-19,14:56:00,0.363,-0.0006
2025-05-19,601318.XSHG,2025-05-16,14:46:00,51.92,2025-05-19,14:56:00,51.81,-0.0027186440677966044
2025-05-19,159915.XSHE,2025-05-16,14:46:00,2.009,2025-05-19,14:56:00,2.003,-0.00358656047784962
2025-05-19,601398.XSHG,2025-05-16,14:46:00,7.01,2025-05-19,14:56:00,6.97,-0.006306134094151216
2025-05-19,159928.XSHE,2025-05-16,14:46:00,0.822,2025-05-19,14:56:00,0.819,-0.004249635036496401
2025-05-20,600000.XSHG,2025-05-19,14:46:00,11.65,2025-05-20,14:56:00,11.93,0.02343433476394845
2025-05-20,601857.XSHG,2025-05-19,14:46:00,7.96,2025-05-20,14:56:00,7.96,-0.0006
2025-05-20,601166.XSHG,2025-05-19,14:46:00,21.71,2025-05-20,14:56:00,21.53,-0.008891110087517261
2025-05-20,000001.XSHE,2025-05-19,14:46:00,11.02,2025-05-20,14:56:00,11.04,0.0012148820326677752
2025-05-20,512690.XSHG,2025-05-19,14:46:00,0.591,2025-05-20,14:56:00,0.593,0.0027840947546530666
2025-05-21,600340.XSHG,2025-05-20,14:46:00,2.94,2025-05-21,14:56:00,2.66,-0.09583809523809513
2025-05-21,512760.XSHG,2025-05-20,14:46:00,1.143,2025-05-21,14:56:00,1.133,-0.009348906386701671
2025-05-21,600036.XSHG,2025-05-20,14:46:00,42.09,2025-05-21,14:56:00,42.1,-0.00036241387502984276
2025-05-21,600276.XSHG,2025-05-20,14:46:00,54.08,2025-05-21,14:56:00,55.75,0.030280177514792884
2025-05-21,159915.XSHE,2025-05-20,14:46:00,2.016,2025-05-21,14:56:00,2.035,0.008824603174603252
2025-05-22,000858.XSHE,2025-05-21,14:46:00,126.01,2025-05-22,14:56:00,125.8,-0.002266534402031683
2025-05-22,000001.XSHE,2025-05-21,14:46:00,11.13,2025-05-22,14:56:00,11.2,0.005689308176100406
2025-05-22,600340.XSHG,2025-05-21,14:46:00,2.66,2025-05-22,14:56:00,2.5,-0.060750375939849624
2025-05-22,512690.XSHG,2025-05-21,14:46:00,0.594,2025-05-22,14:56:00,0.592,-0.0039670033670033515
2025-05-22,512010.XSHG,2025-05-21,14:46:00,0.371,2025-05-22,14:56:00,0.37,-0.0032954177897574592
2025-05-23,000002.XSHE,2025-05-22,14:46:00,6.67,2025-05-23,14:56:00,6.64,-0.005097751124437843
2025-05-23,512760.XSHG,2025-05-22,14:46:00,1.13,2025-05-23,14:56:00,1.116,-0.01298938053097327
2025-05-23,600000.XSHG,2025-05-22,14:46:00,12.02,2025-05-23,14:56:00,11.87,-0.013079201331114797
2025-05-23,601857.XSHG,2025-05-22,14:46:00,8.05,2025-05-23,14:56:00,7.96,-0.011780124223602594
2025-05-23,159928.XSHE,2025-05-22,14:46:00,0.823,2025-05-23,14:56:00,0.818,-0.006675334143377908
