timestamp,from_weights,to_weights,turnover,cost_fraction,equity_after_cost
2025-11-26T03:00:00+00:00,{"BTC-USDT": 0.0, "ETH-USDT": 0.0, "SOL-USDT": 0.0, "XRP-USDT": 0.0, "DOGE-USDT": 0.0, "ADA-USDT": 0.0, "POL-USDT": 0.0},{"BTC-USDT": -0.06098706219232186, "ETH-USDT": 0.0, "SOL-USDT": -0.16666666666666666, "XRP-USDT": -0.16666666666666666, "DOGE-USDT": -0.16666666666666666, "ADA-USDT": 0.5, "POL-USDT": 0.0},1.060987,0.000318,0.999682
2025-11-26T04:00:00+00:00,{"BTC-USDT": -0.06098706219232186, "ETH-USDT": 0.0, "SOL-USDT": -0.16666666666666666, "XRP-USDT": -0.16666666666666666, "DOGE-USDT": -0.16666666666666666, "ADA-USDT": 0.5, "POL-USDT": 0.0},{"BTC-USDT": -0.060561631150664486, "ETH-USDT": 0.0, "SOL-USDT": -0.16666666666666666, "XRP-USDT": -0.16666666666666666, "DOGE-USDT": -0.16666666666666666, "ADA-USDT": 0.5, "POL-USDT": 0.0},0.000425,0.000000,0.999716
2025-11-26T05:00:00+00:00,{"BTC-USDT": -0.060561631150664486, "ETH-USDT": 0.0, "SOL-USDT": -0.16666666666666666, "XRP-USDT": -0.16666666666666666, "DOGE-USDT": -0.16666666666666666, "ADA-USDT": 0.5, "POL-USDT": 0.0},{"BTC-USDT": -0.060440258922513035, "ETH-USDT": 0.0, "SOL-USDT": -0.16666666666666666, "XRP-USDT": -0.16666666666666666, "DOGE-USDT": -0.16666666666666666, "ADA-USDT": 0.5, "POL-USDT": 0.0},0.000121,0.000000,0.999484
2025-11-26T06:00:00+00:00,{"BTC-USDT": -0.060440258922513035, "ETH-USDT": 0.0, "SOL-USDT": -0.16666666666666666, "XRP-USDT": -0.16666666666666666, "DOGE-USDT": -0.16666666666666666, "ADA-USDT": 0.5, "POL-USDT": 0.0},{"BTC-USDT": -0.061232168599582915, "ETH-USDT": 0.0, "SOL-USDT": -0.16666666666666666, "XRP-USDT": -0.16666666666666666, "DOGE-USDT": -0.16666666666666666, "ADA-USDT": 0.5, "POL-USDT": 0.0},0.000792,0.000000,0.999425
2025-11-26T07:00:00+00:00,{"BTC-USDT": -0.061232168599582915, "ETH-USDT": 0.0, "SOL-USDT": -0.16666666666666666, "XRP-USDT": -0.16666666666666666, "DOGE-USDT": -0.16666666666666666, "ADA-USDT": 0.5, "POL-USDT": 0.0},{"BTC-USDT": -0.06089611345340007, "ETH-USDT": 0.0, "SOL-USDT": -0.16666666666666666, "XRP-USDT": -0.16666666666666666, "DOGE-USDT": -0.16666666666666666, "ADA-USDT": 0.5, "POL-USDT": 0.0},0.000336,0.000000,0.999341
2025-11-26T08:00:00+00:00,{"BTC-USDT": -0.06089611345340007, "ETH-USDT": 0.0, "SOL-USDT": -0.16666666666666666, "XRP-USDT": -0.16666666666666666, "DOGE-USDT": -0.16666666666666666, "ADA-USDT": 0.5, "POL-USDT": 0.0},{"BTC-USDT": -0.06089178890305369, "ETH-USDT": 0.0, "SOL-USDT": -0.16666666666666666, "XRP-USDT": -0.16666666666666666, "DOGE-USDT": -0.16666666666666666, "ADA-USDT": 0.5, "POL-USDT": 0.0},0.000004,0.000000,0.999666
2025-11-26T09:00:00+00:00,{"BTC-USDT": -0.06089178890305369, "ETH-USDT": 0.0, "SOL-USDT": -0.16666666666666666, "XRP-USDT": -0.16666666666666666, "DOGE-USDT": -0.16666666666666666, "ADA-USDT": 0.5, "POL-USDT": 0.0},{"BTC-USDT": -0.06064210030723283, "ETH-USDT": 0.0, "SOL-USDT": -0.16666666666666666, "XRP-USDT": -0.16666666666666666, "DOGE-USDT": -0.16666666666666666, "ADA-USDT": 0.5, "POL-USDT": 0.0},0.000250,0.000000,0.999489
2025-11-26T10:00:00+00:00,{"BTC-USDT": -0.06064210030723283, "ETH-USDT": 0.0, "SOL-USDT": -0.16666666666666666, "XRP-USDT": -0.16666666666666666, "DOGE-USDT": -0.16666666666666666, "ADA-USDT": 0.5, "POL-USDT": 0.0},{"BTC-USDT": -0.06084272138307667, "ETH-USDT": 0.0, "SOL-USDT": -0.16666666666666666, "XRP-USDT": -0.16666666666666666, "DOGE-USDT": -0.16666666666666666, "ADA-USDT": 0.5, "POL-USDT": 0.0},0.000201,0.000000,0.999388
2025-11-26T11:00:00+00:00,{"BTC-USDT": -0.06084272138307667, "ETH-USDT": 0.0, "SOL-USDT": -0.16666666666666666, "XRP-USDT": -0.16666666666666666, "DOGE-USDT": -0.16666666666666666, "ADA-USDT": 0.5, "POL-USDT": 0.0},{"BTC-USDT": -0.060936215131798366, "ETH-USDT": 0.0, "SOL-USDT": -0.16666666666666666, "XRP-USDT": -0.16666666666666666, "DOGE-USDT": -0.16666666666666666, "ADA-USDT": 0.5, "POL-USDT": 0.0},0.000093,0.000000,0.998708
2025-11-26T12:00:00+00:00,{"BTC-USDT": -0.060936215131798366, "ETH-USDT": 0.0, "SOL-USDT": -0.16666666666666666, "XRP-USDT": -0.16666666666666666, "DOGE-USDT": -0.16666666666666666, "ADA-USDT": 0.5, "POL-USDT": 0.0},{"BTC-USDT": -0.06069833544540826, "ETH-USDT": 0.0, "SOL-USDT": -0.16666666666666666, "XRP-USDT": -0.16666666666666666, "DOGE-USDT": -0.16666666666666666, "ADA-USDT": 0.5, "POL-USDT": 0.0},0.000238,0.000000,0.998678
2025-11-26T13:00:00+00:00,{"BTC-USDT": -0.06069833544540826, "ETH-USDT": 0.0, "SOL-USDT": -0.16666666666666666, "XRP-USDT": -0.16666666666666666, "DOGE-USDT": -0.16666666666666666, "ADA-USDT": 0.5, "POL-USDT": 0.0},{"BTC-USDT": -0.06622001550585388, "ETH-USDT": -0.16666666666666666, "SOL-USDT": 0.0, "XRP-USDT": -0.16666666666666666, "DOGE-USDT": -0.16666666666666666, "ADA-USDT": 0.5, "POL-USDT": 0.0},0.338855,0.000102,0.998597
2025-11-26T14:00:00+00:00,{"BTC-USDT": -0.06622001550585388, "ETH-USDT": -0.16666666666666666, "SOL-USDT": 0.0, "XRP-USDT": -0.16666666666666666, "DOGE-USDT": -0.16666666666666666, "ADA-USDT": 0.5, "POL-USDT": 0.0},{"BTC-USDT": -0.06500247343863841, "ETH-USDT": -0.16666666666666666, "SOL-USDT": 0.0, "XRP-USDT": -0.16666666666666666, "DOGE-USDT": -0.16666666666666666, "ADA-USDT": 0.5, "POL-USDT": 0.0},0.001218,0.000000,0.998100
2025-11-26T15:00:00+00:00,{"BTC-USDT": -0.06500247343863841, "ETH-USDT": -0.16666666666666666, "SOL-USDT": 0.0, "XRP-USDT": -0.16666666666666666, "DOGE-USDT": -0.16666666666666666, "ADA-USDT": 0.5, "POL-USDT": 0.0},{"BTC-USDT": -0.06541744555528961, "ETH-USDT": -0.16666666666666666, "SOL-USDT": 0.0, "XRP-USDT": -0.16666666666666666, "DOGE-USDT": -0.16666666666666666, "ADA-USDT": 0.5, "POL-USDT": 0.0},0.000415,0.000000,0.997559
2025-11-26T16:00:00+00:00,{"BTC-USDT": -0.06541744555528961, "ETH-USDT": -0.16666666666666666, "SOL-USDT": 0.0, "XRP-USDT": -0.16666666666666666, "DOGE-USDT": -0.16666666666666666, "ADA-USDT": 0.5, "POL-USDT": 0.0},{"BTC-USDT": -0.06566965295627714, "ETH-USDT": -0.16666666666666666, "SOL-USDT": 0.0, "XRP-USDT": -0.16666666666666666, "DOGE-USDT": -0.16666666666666666, "ADA-USDT": 0.5, "POL-USDT": 0.0},0.000252,0.000000,0.998101
2025-11-26T17:00:00+00:00,{"BTC-USDT": -0.06566965295627714, "ETH-USDT": -0.16666666666666666, "SOL-USDT": 0.0, "XRP-USDT": -0.16666666666666666, "DOGE-USDT": -0.16666666666666666, "ADA-USDT": 0.5, "POL-USDT": 0.0},{"BTC-USDT": -0.06881022078931354, "ETH-USDT": -0.16666666666666666, "SOL-USDT": 0.0, "XRP-USDT": -0.16666666666666666, "DOGE-USDT": -0.16666666666666666, "ADA-USDT": 0.5, "POL-USDT": 0.0},0.003141,0.000001,0.998397
2025-11-26T18:00:00+00:00,{"BTC-USDT": -0.06881022078931354, "ETH-USDT": -0.16666666666666666, "SOL-USDT": 0.0, "XRP-USDT": -0.16666666666666666, "DOGE-USDT": -0.16666666666666666, "ADA-USDT": 0.5, "POL-USDT": 0.0},{"BTC-USDT": -0.04043447718089338, "ETH-USDT": -0.16666666666666666, "SOL-USDT": 0.0, "XRP-USDT": -0.16666666666666666, "DOGE-USDT": -0.16666666666666666, "ADA-USDT": 0.25, "POL-USDT": 0.25},0.528376,0.000159,0.998203
2025-11-26T19:00:00+00:00,{"BTC-USDT": -0.04043447718089338, "ETH-USDT": -0.16666666666666666, "SOL-USDT": 0.0, "XRP-USDT": -0.16666666666666666, "DOGE-USDT": -0.16666666666666666, "ADA-USDT": 0.25, "POL-USDT": 0.25},{"BTC-USDT": -0.0344541947342592, "ETH-USDT": 0.0, "SOL-USDT": -0.16666666666666666, "XRP-USDT": -0.16666666666666666, "DOGE-USDT": -0.16666666666666666, "ADA-USDT": 0.25, "POL-USDT": 0.25},0.339314,0.000102,0.998681
2025-11-26T20:00:00+00:00,{"BTC-USDT": -0.0344541947342592, "ETH-USDT": 0.0, "SOL-USDT": -0.16666666666666666, "XRP-USDT": -0.16666666666666666, "DOGE-USDT": -0.16666666666666666, "ADA-USDT": 0.25, "POL-USDT": 0.25},{"BTC-USDT": -0.03492358396960005, "ETH-USDT": 0.0, "SOL-USDT": -0.16666666666666666, "XRP-USDT": -0.16666666666666666, "DOGE-USDT": -0.16666666666666666, "ADA-USDT": 0.25, "POL-USDT": 0.25},0.000469,0.000000,0.998968
2025-11-26T21:00:00+00:00,{"BTC-USDT": -0.03492358396960005, "ETH-USDT": 0.0, "SOL-USDT": -0.16666666666666666, "XRP-USDT": -0.16666666666666666, "DOGE-USDT": -0.16666666666666666, "ADA-USDT": 0.25, "POL-USDT": 0.25},{"BTC-USDT": -0.03519179490349461, "ETH-USDT": 0.0, "SOL-USDT": -0.16666666666666666, "XRP-USDT": -0.16666666666666666, "DOGE-USDT": -0.16666666666666666, "ADA-USDT": 0.25, "POL-USDT": 0.25},0.000268,0.000000,0.998501
2025-11-26T22:00:00+00:00,{"BTC-USDT": -0.03519179490349461, "ETH-USDT": 0.0, "SOL-USDT": -0.16666666666666666, "XRP-USDT": -0.16666666666666666, "DOGE-USDT": -0.16666666666666666, "ADA-USDT": 0.25, "POL-USDT": 0.25},{"BTC-USDT": -0.03534509046222245, "ETH-USDT": 0.0, "SOL-USDT": -0.16666666666666666, "XRP-USDT": -0.16666666666666666, "DOGE-USDT": -0.16666666666666666, "ADA-USDT": 0.25, "POL-USDT": 0.25},0.000153,0.000000,0.998149
2025-11-26T23:00:00+00:00,{"BTC-USDT": -0.03534509046222245, "ETH-USDT": 0.0, "SOL-USDT": -0.16666666666666666, "XRP-USDT": -0.16666666666666666, "DOGE-USDT": -0.16666666666666666, "ADA-USDT": 0.25, "POL-USDT": 0.25},{"BTC-USDT": -0.0348338008538327, "ETH-USDT": 0.0, "SOL-USDT": -0.16666666666666666, "XRP-USDT": -0.16666666666666666, "DOGE-USDT": -0.16666666666666666, "ADA-USDT": 0.25, "POL-USDT": 0.25},0.000511,0.000000,0.998458
2025-11-27T00:00:00+00:00,{"BTC-USDT": -0.0348338008538327, "ETH-USDT": 0.0, "SOL-USDT": -0.16666666666666666, "XRP-USDT": -0.16666666666666666, "DOGE-USDT": -0.16666666666666666, "ADA-USDT": 0.25, "POL-USDT": 0.25},{"BTC-USDT": -0.03486474134993489, "ETH-USDT": 0.0, "SOL-USDT": -0.16666666666666666, "XRP-USDT": -0.16666666666666666, "DOGE-USDT": -0.16666666666666666, "ADA-USDT": 0.25, "POL-USDT": 0.25},0.000031,0.000000,0.997362
2025-11-27T01:00:00+00:00,{"BTC-USDT": -0.03486474134993489, "ETH-USDT": 0.0, "SOL-USDT": -0.16666666666666666, "XRP-USDT": -0.16666666666666666, "DOGE-USDT": -0.16666666666666666, "ADA-USDT": 0.25, "POL-USDT": 0.25},{"BTC-USDT": -0.034765433706445636, "ETH-USDT": 0.0, "SOL-USDT": -0.16666666666666666, "XRP-USDT": -0.16666666666666666, "DOGE-USDT": -0.16666666666666666, "ADA-USDT": 0.25, "POL-USDT": 0.25},0.000099,0.000000,0.997375
