label,fee,window,start,end,num_trades,total_return_pct,max_drawdown_pct,sharpe_ratio
z1.2_rgnone,0.0005,random_30d_seed7,2024-06-27,2024-07-27,205,-1.4201453105515238,-9.852387062248003,-0.7911688446771229
z1.2_rgnone,0.0005,random_30d_seed21,2024-01-16,2024-02-15,195,6.545085608239143,-4.957693119541928,3.1606897819776485
z1.2_rgnone,0.0005,random_30d_seed42,2025-05-16,2025-06-15,190,7.646529746010233,-3.937694575245021,4.672177208196051
z1.2_rgnone,0.0005,random_30d_seed99,2024-09-17,2024-10-17,201,0.2007572395559487,-4.966348361603556,0.22158051994980182
z1.2_rgnone,0.0005,random_30d_seed123,2023-09-23,2023-10-23,196,6.447892919451359,-3.9686720575541234,3.916312981705606
z1.2_rgnone,0.0005,random_30d_seed202,2024-08-29,2024-09-28,216,10.756815116135133,-3.862319776927714,5.7838367543811255
z1.2_rgnone,0.0005,random_30d_seed303,2023-09-02,2023-10-02,202,-0.8440224943026542,-4.731614331760625,-0.45242535755304253
z1.2_rgnone,0.0005,random_30d_seed404,2023-10-29,2023-11-28,185,-9.900061806052406,-10.581837711906294,-5.991062101933653
z1.2_rgnone,0.0005,random_30d_seed505,2024-01-01,2024-01-31,192,12.777921449544682,-5.072689336916247,4.927461867749743
z1.2_rgnone,0.0005,random_30d_seed606,2023-09-27,2023-10-27,194,5.832721341859015,-3.9737842948139313,3.1388593799915547
z1.2_rg1.6,0.0005,random_30d_seed7,2024-06-27,2024-07-27,205,-1.4201453105515238,-9.852387062248003,-0.7911688446771229
z1.2_rg1.6,0.0005,random_30d_seed21,2024-01-16,2024-02-15,195,6.545085608239143,-4.957693119541928,3.1606897819776485
z1.2_rg1.6,0.0005,random_30d_seed42,2025-05-16,2025-06-15,190,7.646529746010233,-3.937694575245021,4.672177208196051
z1.2_rg1.6,0.0005,random_30d_seed99,2024-09-17,2024-10-17,201,0.2007572395559487,-4.966348361603556,0.22158051994980182
z1.2_rg1.6,0.0005,random_30d_seed123,2023-09-23,2023-10-23,196,6.447892919451359,-3.9686720575541234,3.916312981705606
z1.2_rg1.6,0.0005,random_30d_seed202,2024-08-29,2024-09-28,216,10.756815116135133,-3.862319776927714,5.7838367543811255
z1.2_rg1.6,0.0005,random_30d_seed303,2023-09-02,2023-10-02,202,-0.8440224943026542,-4.731614331760625,-0.45242535755304253
z1.2_rg1.6,0.0005,random_30d_seed404,2023-10-29,2023-11-28,185,-9.900061806052406,-10.581837711906294,-5.991062101933653
z1.2_rg1.6,0.0005,random_30d_seed505,2024-01-01,2024-01-31,192,12.777921449544682,-5.072689336916247,4.927461867749743
z1.2_rg1.6,0.0005,random_30d_seed606,2023-09-27,2023-10-27,194,5.832721341859015,-3.9737842948139313,3.1388593799915547
z1.2_rg1.8,0.0005,random_30d_seed7,2024-06-27,2024-07-27,205,-1.4201453105515238,-9.852387062248003,-0.7911688446771229
z1.2_rg1.8,0.0005,random_30d_seed21,2024-01-16,2024-02-15,195,6.545085608239143,-4.957693119541928,3.1606897819776485
z1.2_rg1.8,0.0005,random_30d_seed42,2025-05-16,2025-06-15,190,7.646529746010233,-3.937694575245021,4.672177208196051
z1.2_rg1.8,0.0005,random_30d_seed99,2024-09-17,2024-10-17,201,0.2007572395559487,-4.966348361603556,0.22158051994980182
z1.2_rg1.8,0.0005,random_30d_seed123,2023-09-23,2023-10-23,196,6.447892919451359,-3.9686720575541234,3.916312981705606
z1.2_rg1.8,0.0005,random_30d_seed202,2024-08-29,2024-09-28,216,10.756815116135133,-3.862319776927714,5.7838367543811255
z1.2_rg1.8,0.0005,random_30d_seed303,2023-09-02,2023-10-02,202,-0.8440224943026542,-4.731614331760625,-0.45242535755304253
z1.2_rg1.8,0.0005,random_30d_seed404,2023-10-29,2023-11-28,185,-9.900061806052406,-10.581837711906294,-5.991062101933653
z1.2_rg1.8,0.0005,random_30d_seed505,2024-01-01,2024-01-31,192,12.777921449544682,-5.072689336916247,4.927461867749743
z1.2_rg1.8,0.0005,random_30d_seed606,2023-09-27,2023-10-27,194,5.832721341859015,-3.9737842948139313,3.1388593799915547
z1.2_rg2.0,0.0005,random_30d_seed7,2024-06-27,2024-07-27,205,-1.4201453105515238,-9.852387062248003,-0.7911688446771229
z1.2_rg2.0,0.0005,random_30d_seed21,2024-01-16,2024-02-15,195,6.545085608239143,-4.957693119541928,3.1606897819776485
z1.2_rg2.0,0.0005,random_30d_seed42,2025-05-16,2025-06-15,190,7.646529746010233,-3.937694575245021,4.672177208196051
z1.2_rg2.0,0.0005,random_30d_seed99,2024-09-17,2024-10-17,201,0.2007572395559487,-4.966348361603556,0.22158051994980182
z1.2_rg2.0,0.0005,random_30d_seed123,2023-09-23,2023-10-23,196,6.447892919451359,-3.9686720575541234,3.916312981705606
z1.2_rg2.0,0.0005,random_30d_seed202,2024-08-29,2024-09-28,216,10.756815116135133,-3.862319776927714,5.7838367543811255
z1.2_rg2.0,0.0005,random_30d_seed303,2023-09-02,2023-10-02,202,-0.8440224943026542,-4.731614331760625,-0.45242535755304253
z1.2_rg2.0,0.0005,random_30d_seed404,2023-10-29,2023-11-28,185,-9.900061806052406,-10.581837711906294,-5.991062101933653
z1.2_rg2.0,0.0005,random_30d_seed505,2024-01-01,2024-01-31,192,12.777921449544682,-5.072689336916247,4.927461867749743
z1.2_rg2.0,0.0005,random_30d_seed606,2023-09-27,2023-10-27,194,5.832721341859015,-3.9737842948139313,3.1388593799915547
z1.3_rgnone,0.0005,random_30d_seed7,2024-06-27,2024-07-27,183,0.14321877861063204,-9.408541647323432,0.1869380231827591
z1.3_rgnone,0.0005,random_30d_seed21,2024-01-16,2024-02-15,174,1.6801577688992708,-5.660566208637019,0.992609772514646
z1.3_rgnone,0.0005,random_30d_seed42,2025-05-16,2025-06-15,171,4.687710814854995,-5.287633226184052,3.089494805463046
z1.3_rgnone,0.0005,random_30d_seed99,2024-09-17,2024-10-17,189,1.9998743874007907,-4.557567593250001,1.2746040808230426
z1.3_rgnone,0.0005,random_30d_seed123,2023-09-23,2023-10-23,182,2.0553405420632442,-4.236553583191183,1.345505315714577
z1.3_rgnone,0.0005,random_30d_seed202,2024-08-29,2024-09-28,199,12.291742806281247,-3.6075921667389044,7.091409436246351
z1.3_rgnone,0.0005,random_30d_seed303,2023-09-02,2023-10-02,187,-2.597149131651455,-5.697463511206324,-1.426110929889462
z1.3_rgnone,0.0005,random_30d_seed404,2023-10-29,2023-11-28,171,-12.996293643602497,-13.299718079253953,-9.164123937856859
z1.3_rgnone,0.0005,random_30d_seed505,2024-01-01,2024-01-31,173,5.791484794341462,-5.6694546453001315,2.4375933881606224
z1.3_rgnone,0.0005,random_30d_seed606,2023-09-27,2023-10-27,180,-0.5233417673334517,-5.410731958499316,-0.14444125579630068
z1.3_rg1.6,0.0005,random_30d_seed7,2024-06-27,2024-07-27,183,0.14321877861063204,-9.408541647323432,0.1869380231827591
z1.3_rg1.6,0.0005,random_30d_seed21,2024-01-16,2024-02-15,174,1.6801577688992708,-5.660566208637019,0.992609772514646
z1.3_rg1.6,0.0005,random_30d_seed42,2025-05-16,2025-06-15,171,4.687710814854995,-5.287633226184052,3.089494805463046
z1.3_rg1.6,0.0005,random_30d_seed99,2024-09-17,2024-10-17,189,1.9998743874007907,-4.557567593250001,1.2746040808230426
z1.3_rg1.6,0.0005,random_30d_seed123,2023-09-23,2023-10-23,182,2.0553405420632442,-4.236553583191183,1.345505315714577
z1.3_rg1.6,0.0005,random_30d_seed202,2024-08-29,2024-09-28,199,12.291742806281247,-3.6075921667389044,7.091409436246351
z1.3_rg1.6,0.0005,random_30d_seed303,2023-09-02,2023-10-02,187,-2.597149131651455,-5.697463511206324,-1.426110929889462
z1.3_rg1.6,0.0005,random_30d_seed404,2023-10-29,2023-11-28,171,-12.996293643602497,-13.299718079253953,-9.164123937856859
z1.3_rg1.6,0.0005,random_30d_seed505,2024-01-01,2024-01-31,173,5.791484794341462,-5.6694546453001315,2.4375933881606224
z1.3_rg1.6,0.0005,random_30d_seed606,2023-09-27,2023-10-27,180,-0.5233417673334517,-5.410731958499316,-0.14444125579630068
z1.3_rg1.8,0.0005,random_30d_seed7,2024-06-27,2024-07-27,183,0.14321877861063204,-9.408541647323432,0.1869380231827591
z1.3_rg1.8,0.0005,random_30d_seed21,2024-01-16,2024-02-15,174,1.6801577688992708,-5.660566208637019,0.992609772514646
z1.3_rg1.8,0.0005,random_30d_seed42,2025-05-16,2025-06-15,171,4.687710814854995,-5.287633226184052,3.089494805463046
z1.3_rg1.8,0.0005,random_30d_seed99,2024-09-17,2024-10-17,189,1.9998743874007907,-4.557567593250001,1.2746040808230426
z1.3_rg1.8,0.0005,random_30d_seed123,2023-09-23,2023-10-23,182,2.0553405420632442,-4.236553583191183,1.345505315714577
z1.3_rg1.8,0.0005,random_30d_seed202,2024-08-29,2024-09-28,199,12.291742806281247,-3.6075921667389044,7.091409436246351
z1.3_rg1.8,0.0005,random_30d_seed303,2023-09-02,2023-10-02,187,-2.597149131651455,-5.697463511206324,-1.426110929889462
z1.3_rg1.8,0.0005,random_30d_seed404,2023-10-29,2023-11-28,171,-12.996293643602497,-13.299718079253953,-9.164123937856859
z1.3_rg1.8,0.0005,random_30d_seed505,2024-01-01,2024-01-31,173,5.791484794341462,-5.6694546453001315,2.4375933881606224
z1.3_rg1.8,0.0005,random_30d_seed606,2023-09-27,2023-10-27,180,-0.5233417673334517,-5.410731958499316,-0.14444125579630068
z1.3_rg2.0,0.0005,random_30d_seed7,2024-06-27,2024-07-27,183,0.14321877861063204,-9.408541647323432,0.1869380231827591
z1.3_rg2.0,0.0005,random_30d_seed21,2024-01-16,2024-02-15,174,1.6801577688992708,-5.660566208637019,0.992609772514646
z1.3_rg2.0,0.0005,random_30d_seed42,2025-05-16,2025-06-15,171,4.687710814854995,-5.287633226184052,3.089494805463046
z1.3_rg2.0,0.0005,random_30d_seed99,2024-09-17,2024-10-17,189,1.9998743874007907,-4.557567593250001,1.2746040808230426
z1.3_rg2.0,0.0005,random_30d_seed123,2023-09-23,2023-10-23,182,2.0553405420632442,-4.236553583191183,1.345505315714577
z1.3_rg2.0,0.0005,random_30d_seed202,2024-08-29,2024-09-28,199,12.291742806281247,-3.6075921667389044,7.091409436246351
z1.3_rg2.0,0.0005,random_30d_seed303,2023-09-02,2023-10-02,187,-2.597149131651455,-5.697463511206324,-1.426110929889462
z1.3_rg2.0,0.0005,random_30d_seed404,2023-10-29,2023-11-28,171,-12.996293643602497,-13.299718079253953,-9.164123937856859
z1.3_rg2.0,0.0005,random_30d_seed505,2024-01-01,2024-01-31,173,5.791484794341462,-5.6694546453001315,2.4375933881606224
z1.3_rg2.0,0.0005,random_30d_seed606,2023-09-27,2023-10-27,180,-0.5233417673334517,-5.410731958499316,-0.14444125579630068
z1.4_rgnone,0.0005,random_30d_seed7,2024-06-27,2024-07-27,163,1.0173792291629402,-8.186790243029629,0.726600511685796
z1.4_rgnone,0.0005,random_30d_seed21,2024-01-16,2024-02-15,158,2.0243282096472415,-5.814744527769411,1.101852208312613
z1.4_rgnone,0.0005,random_30d_seed42,2025-05-16,2025-06-15,162,2.492684219449859,-6.413432351047632,1.6873907926099834
z1.4_rgnone,0.0005,random_30d_seed99,2024-09-17,2024-10-17,176,3.645178786062009,-6.336236520357352,2.1021344702284503
z1.4_rgnone,0.0005,random_30d_seed123,2023-09-23,2023-10-23,164,-2.5243324472830175,-5.027877568939676,-1.6049001194350834
z1.4_rgnone,0.0005,random_30d_seed202,2024-08-29,2024-09-28,179,10.797617744684995,-3.4465731229863183,6.255067234814239
z1.4_rgnone,0.0005,random_30d_seed303,2023-09-02,2023-10-02,178,-4.750201257592779,-6.005778697992192,-2.5697930701940535
z1.4_rgnone,0.0005,random_30d_seed404,2023-10-29,2023-11-28,156,-11.991315655641511,-12.036975994282095,-7.9130835381487366
z1.4_rgnone,0.0005,random_30d_seed505,2024-01-01,2024-01-31,155,7.408060599981714,-5.311317886959566,2.9764083112872184
z1.4_rgnone,0.0005,random_30d_seed606,2023-09-27,2023-10-27,157,-4.520222631420201,-6.533410401782058,-2.5948304833808815
z1.4_rg1.6,0.0005,random_30d_seed7,2024-06-27,2024-07-27,163,1.0173792291629402,-8.186790243029629,0.726600511685796
z1.4_rg1.6,0.0005,random_30d_seed21,2024-01-16,2024-02-15,158,2.0243282096472415,-5.814744527769411,1.101852208312613
z1.4_rg1.6,0.0005,random_30d_seed42,2025-05-16,2025-06-15,162,2.492684219449859,-6.413432351047632,1.6873907926099834
z1.4_rg1.6,0.0005,random_30d_seed99,2024-09-17,2024-10-17,176,3.645178786062009,-6.336236520357352,2.1021344702284503
z1.4_rg1.6,0.0005,random_30d_seed123,2023-09-23,2023-10-23,164,-2.5243324472830175,-5.027877568939676,-1.6049001194350834
z1.4_rg1.6,0.0005,random_30d_seed202,2024-08-29,2024-09-28,179,10.797617744684995,-3.4465731229863183,6.255067234814239
z1.4_rg1.6,0.0005,random_30d_seed303,2023-09-02,2023-10-02,178,-4.750201257592779,-6.005778697992192,-2.5697930701940535
z1.4_rg1.6,0.0005,random_30d_seed404,2023-10-29,2023-11-28,156,-11.991315655641511,-12.036975994282095,-7.9130835381487366
z1.4_rg1.6,0.0005,random_30d_seed505,2024-01-01,2024-01-31,155,7.408060599981714,-5.311317886959566,2.9764083112872184
z1.4_rg1.6,0.0005,random_30d_seed606,2023-09-27,2023-10-27,157,-4.520222631420201,-6.533410401782058,-2.5948304833808815
z1.4_rg1.8,0.0005,random_30d_seed7,2024-06-27,2024-07-27,163,1.0173792291629402,-8.186790243029629,0.726600511685796
z1.4_rg1.8,0.0005,random_30d_seed21,2024-01-16,2024-02-15,158,2.0243282096472415,-5.814744527769411,1.101852208312613
z1.4_rg1.8,0.0005,random_30d_seed42,2025-05-16,2025-06-15,162,2.492684219449859,-6.413432351047632,1.6873907926099834
z1.4_rg1.8,0.0005,random_30d_seed99,2024-09-17,2024-10-17,176,3.645178786062009,-6.336236520357352,2.1021344702284503
z1.4_rg1.8,0.0005,random_30d_seed123,2023-09-23,2023-10-23,164,-2.5243324472830175,-5.027877568939676,-1.6049001194350834
z1.4_rg1.8,0.0005,random_30d_seed202,2024-08-29,2024-09-28,179,10.797617744684995,-3.4465731229863183,6.255067234814239
z1.4_rg1.8,0.0005,random_30d_seed303,2023-09-02,2023-10-02,178,-4.750201257592779,-6.005778697992192,-2.5697930701940535
z1.4_rg1.8,0.0005,random_30d_seed404,2023-10-29,2023-11-28,156,-11.991315655641511,-12.036975994282095,-7.9130835381487366
z1.4_rg1.8,0.0005,random_30d_seed505,2024-01-01,2024-01-31,155,7.408060599981714,-5.311317886959566,2.9764083112872184
z1.4_rg1.8,0.0005,random_30d_seed606,2023-09-27,2023-10-27,157,-4.520222631420201,-6.533410401782058,-2.5948304833808815
z1.4_rg2.0,0.0005,random_30d_seed7,2024-06-27,2024-07-27,163,1.0173792291629402,-8.186790243029629,0.726600511685796
z1.4_rg2.0,0.0005,random_30d_seed21,2024-01-16,2024-02-15,158,2.0243282096472415,-5.814744527769411,1.101852208312613
z1.4_rg2.0,0.0005,random_30d_seed42,2025-05-16,2025-06-15,162,2.492684219449859,-6.413432351047632,1.6873907926099834
z1.4_rg2.0,0.0005,random_30d_seed99,2024-09-17,2024-10-17,176,3.645178786062009,-6.336236520357352,2.1021344702284503
z1.4_rg2.0,0.0005,random_30d_seed123,2023-09-23,2023-10-23,164,-2.5243324472830175,-5.027877568939676,-1.6049001194350834
z1.4_rg2.0,0.0005,random_30d_seed202,2024-08-29,2024-09-28,179,10.797617744684995,-3.4465731229863183,6.255067234814239
z1.4_rg2.0,0.0005,random_30d_seed303,2023-09-02,2023-10-02,178,-4.750201257592779,-6.005778697992192,-2.5697930701940535
z1.4_rg2.0,0.0005,random_30d_seed404,2023-10-29,2023-11-28,156,-11.991315655641511,-12.036975994282095,-7.9130835381487366
z1.4_rg2.0,0.0005,random_30d_seed505,2024-01-01,2024-01-31,155,7.408060599981714,-5.311317886959566,2.9764083112872184
z1.4_rg2.0,0.0005,random_30d_seed606,2023-09-27,2023-10-27,157,-4.520222631420201,-6.533410401782058,-2.5948304833808815
z1.5_rgnone,0.0005,random_30d_seed7,2024-06-27,2024-07-27,152,1.0597019334126712,-6.077753914626937,0.729437165412561
z1.5_rgnone,0.0005,random_30d_seed21,2024-01-16,2024-02-15,146,6.8480150604803836,-4.306092035774023,3.7320806059425435
z1.5_rgnone,0.0005,random_30d_seed42,2025-05-16,2025-06-15,150,3.229039239213649,-4.716582645373457,2.219264683175286
z1.5_rgnone,0.0005,random_30d_seed99,2024-09-17,2024-10-17,162,0.5463194039999175,-7.656068860426791,0.4130066338508841
z1.5_rgnone,0.0005,random_30d_seed123,2023-09-23,2023-10-23,153,-1.2573603941605782,-4.570430546983317,-0.827506402966595
z1.5_rgnone,0.0005,random_30d_seed202,2024-08-29,2024-09-28,170,13.148219056073573,-2.6717954770213215,7.057898845482476
z1.5_rgnone,0.0005,random_30d_seed303,2023-09-02,2023-10-02,163,-5.410143799278644,-5.921184181904227,-3.374737037036035
z1.5_rgnone,0.0005,random_30d_seed404,2023-10-29,2023-11-28,137,-10.865004124430566,-11.366066508542715,-6.942487347010219
z1.5_rgnone,0.0005,random_30d_seed505,2024-01-01,2024-01-31,140,19.208396184144938,-3.4599692940336046,7.888028339356842
z1.5_rgnone,0.0005,random_30d_seed606,2023-09-27,2023-10-27,147,-3.9085260567137015,-5.201154304682154,-2.415795849613714
z1.5_rg1.6,0.0005,random_30d_seed7,2024-06-27,2024-07-27,152,1.0597019334126712,-6.077753914626937,0.729437165412561
z1.5_rg1.6,0.0005,random_30d_seed21,2024-01-16,2024-02-15,146,6.8480150604803836,-4.306092035774023,3.7320806059425435
z1.5_rg1.6,0.0005,random_30d_seed42,2025-05-16,2025-06-15,150,3.229039239213649,-4.716582645373457,2.219264683175286
z1.5_rg1.6,0.0005,random_30d_seed99,2024-09-17,2024-10-17,162,0.5463194039999175,-7.656068860426791,0.4130066338508841
z1.5_rg1.6,0.0005,random_30d_seed123,2023-09-23,2023-10-23,153,-1.2573603941605782,-4.570430546983317,-0.827506402966595
z1.5_rg1.6,0.0005,random_30d_seed202,2024-08-29,2024-09-28,170,13.148219056073573,-2.6717954770213215,7.057898845482476
z1.5_rg1.6,0.0005,random_30d_seed303,2023-09-02,2023-10-02,163,-5.410143799278644,-5.921184181904227,-3.374737037036035
z1.5_rg1.6,0.0005,random_30d_seed404,2023-10-29,2023-11-28,137,-10.865004124430566,-11.366066508542715,-6.942487347010219
z1.5_rg1.6,0.0005,random_30d_seed505,2024-01-01,2024-01-31,140,19.208396184144938,-3.4599692940336046,7.888028339356842
z1.5_rg1.6,0.0005,random_30d_seed606,2023-09-27,2023-10-27,147,-3.9085260567137015,-5.201154304682154,-2.415795849613714
z1.5_rg1.8,0.0005,random_30d_seed7,2024-06-27,2024-07-27,152,1.0597019334126712,-6.077753914626937,0.729437165412561
z1.5_rg1.8,0.0005,random_30d_seed21,2024-01-16,2024-02-15,146,6.8480150604803836,-4.306092035774023,3.7320806059425435
z1.5_rg1.8,0.0005,random_30d_seed42,2025-05-16,2025-06-15,150,3.229039239213649,-4.716582645373457,2.219264683175286
z1.5_rg1.8,0.0005,random_30d_seed99,2024-09-17,2024-10-17,162,0.5463194039999175,-7.656068860426791,0.4130066338508841
z1.5_rg1.8,0.0005,random_30d_seed123,2023-09-23,2023-10-23,153,-1.2573603941605782,-4.570430546983317,-0.827506402966595
z1.5_rg1.8,0.0005,random_30d_seed202,2024-08-29,2024-09-28,170,13.148219056073573,-2.6717954770213215,7.057898845482476
z1.5_rg1.8,0.0005,random_30d_seed303,2023-09-02,2023-10-02,163,-5.410143799278644,-5.921184181904227,-3.374737037036035
z1.5_rg1.8,0.0005,random_30d_seed404,2023-10-29,2023-11-28,137,-10.865004124430566,-11.366066508542715,-6.942487347010219
z1.5_rg1.8,0.0005,random_30d_seed505,2024-01-01,2024-01-31,140,19.208396184144938,-3.4599692940336046,7.888028339356842
z1.5_rg1.8,0.0005,random_30d_seed606,2023-09-27,2023-10-27,147,-3.9085260567137015,-5.201154304682154,-2.415795849613714
z1.5_rg2.0,0.0005,random_30d_seed7,2024-06-27,2024-07-27,152,1.0597019334126712,-6.077753914626937,0.729437165412561
z1.5_rg2.0,0.0005,random_30d_seed21,2024-01-16,2024-02-15,146,6.8480150604803836,-4.306092035774023,3.7320806059425435
z1.5_rg2.0,0.0005,random_30d_seed42,2025-05-16,2025-06-15,150,3.229039239213649,-4.716582645373457,2.219264683175286
z1.5_rg2.0,0.0005,random_30d_seed99,2024-09-17,2024-10-17,162,0.5463194039999175,-7.656068860426791,0.4130066338508841
z1.5_rg2.0,0.0005,random_30d_seed123,2023-09-23,2023-10-23,153,-1.2573603941605782,-4.570430546983317,-0.827506402966595
z1.5_rg2.0,0.0005,random_30d_seed202,2024-08-29,2024-09-28,170,13.148219056073573,-2.6717954770213215,7.057898845482476
z1.5_rg2.0,0.0005,random_30d_seed303,2023-09-02,2023-10-02,163,-5.410143799278644,-5.921184181904227,-3.374737037036035
z1.5_rg2.0,0.0005,random_30d_seed404,2023-10-29,2023-11-28,137,-10.865004124430566,-11.366066508542715,-6.942487347010219
z1.5_rg2.0,0.0005,random_30d_seed505,2024-01-01,2024-01-31,140,19.208396184144938,-3.4599692940336046,7.888028339356842
z1.5_rg2.0,0.0005,random_30d_seed606,2023-09-27,2023-10-27,147,-3.9085260567137015,-5.201154304682154,-2.415795849613714
