date_buy,symbol,px_buy,date_sell,px_sell,ret_gross,ret_net
2024-09-02,000333.XSHE,62.22,2024-09-03,62.93,0.011411121825779524,0.010804366179685054
2024-09-02,512800.XSHG,0.628,2024-09-03,0.617,-0.017515923566879033,-0.018105325589171994
2024-09-02,600000.XSHG,8.14,2024-09-03,8.01,-0.01597051597051602,-0.016560845098280152
2024-09-02,601398.XSHG,5.7,2024-09-03,5.53,-0.029824561403508754,-0.030406579350877094
2024-09-02,601857.XSHG,8.52,2024-09-03,8.24,-0.032863849765258135,-0.03344404441314541
2024-09-03,000002.XSHE,6.52,2024-09-04,6.46,-0.009202453987730008,-0.009796843343558126
2024-09-03,000333.XSHE,62.93,2024-09-04,62.46,-0.007468615922453514,-0.008064045425075439
2024-09-03,159928.XSHE,0.709,2024-09-04,0.703,-0.008462623413258097,-0.009057456600846225
2024-09-03,512690.XSHG,0.533,2024-09-04,0.528,-0.009380863039399667,-0.009975145365853644
2024-09-03,600276.XSHG,44.42,2024-09-04,44.35,-0.0015758667266997373,-0.0021748313484916126
2024-09-04,159915.XSHE,1.525,2024-09-05,1.536,0.00721311475409836,0.006608877534426183
2024-09-04,510500.XSHG,4.579,2024-09-05,4.599,0.004367765887748565,0.003765235621314922
2024-09-04,600000.XSHG,8.08,2024-09-05,8.08,0.0,-0.0005999099999999258
2024-09-04,600030.XSHG,18.8,2024-09-05,18.79,-0.0005319148936171469,-0.0011315057925532779
2024-09-04,600276.XSHG,44.35,2024-09-05,44.84,0.01104847801578357,0.010441939923337307
2024-09-05,159915.XSHE,1.536,2024-09-06,1.508,-0.01822916666666663,-0.018818140807291606
2024-09-05,600104.XSHG,12.09,2024-09-06,12.22,0.010752688172043001,0.010146327526881826
2024-09-05,600276.XSHG,44.84,2024-09-06,44.24,-0.01338090990187335,-0.013972792560213998
2024-09-05,600340.XSHG,1.09,2024-09-06,1.07,-0.01834862385321101,-0.018937526330275123
2024-09-05,601318.XSHG,41.52,2024-09-06,41.36,-0.003853564547206201,-0.0044511627552986655
2024-09-06,600000.XSHG,8.18,2024-09-07,8.13,-0.006112469437652646,-0.006708712506112269
2024-09-06,600036.XSHG,29.95,2024-09-07,28.99,-0.0320534223706177,-0.03263410320200322
2024-09-06,600104.XSHG,12.22,2024-09-07,12.08,-0.011456628477905073,-0.012049665531914888
2024-09-06,600837.XSHG,8.75,2024-09-07,8.75,0.0,-0.0005999099999999258
2024-09-06,601398.XSHG,5.41,2024-09-07,5.38,-0.005545286506469571,-0.0061418698336414
2024-09-09,159915.XSHE,1.513,2024-09-10,1.512,-0.0006609385327164263,-0.001260452029081205
2024-09-09,510500.XSHG,4.504,2024-09-10,4.502,-0.000444049733570151,-0.001043693343694363
2024-09-09,512010.XSHG,0.316,2024-09-10,0.314,-0.006329113924050667,-0.006925227025316394
2024-09-09,512760.XSHG,0.723,2024-09-10,0.729,0.008298755186721962,0.007693866680497985
2024-09-09,600030.XSHG,18.67,2024-09-10,18.57,-0.005356186395286677,-0.00595288316550624
2024-09-10,000333.XSHE,57.95,2024-09-11,58.82,0.015012942191544365,0.014404025777394303
2024-09-10,512760.XSHG,0.729,2024-09-11,0.726,-0.004115226337448541,-0.004712667572016382
2024-09-10,512800.XSHG,0.609,2024-09-11,0.595,-0.02298850574712641,-0.0235746247126436
2024-09-10,600000.XSHG,8.25,2024-09-11,8.01,-0.029090909090909167,-0.029673367163636333
2024-09-10,601857.XSHG,7.47,2024-09-11,7.33,-0.018741633199464536,-0.01933029990629176
2024-09-11,000333.XSHE,58.82,2024-09-12,59.49,0.011390683441006466,0.010783940056103392
2024-09-11,159915.XSHE,1.528,2024-09-12,1.525,-0.0019633507853403787,-0.0025620829515706767
2024-09-11,512010.XSHG,0.315,2024-09-12,0.311,-0.012698412698412764,-0.013290704793650798
2024-09-11,600030.XSHG,18.69,2024-09-12,18.57,-0.006420545746388506,-0.0070166039967897165
2024-09-11,600276.XSHG,45.27,2024-09-12,44.81,-0.01016125469405793,-0.01075506885575439
2024-09-12,000001.XSHE,9.24,2024-09-13,9.2,-0.0043290043290044045,-0.004926317316017337
2024-09-12,000333.XSHE,59.49,2024-09-13,60.58,0.018322407127248308,0.01771150533198873
2024-09-12,600000.XSHG,8.22,2024-09-13,8.1,-0.014598540145985495,-0.015189692335766503
2024-09-12,601166.XSHG,15.32,2024-09-13,15.26,-0.003916449086161955,-0.004514009569190569
2024-09-12,601857.XSHG,7.41,2024-09-13,7.47,0.008097165991902688,0.007492398421052648
2024-09-13,000333.XSHE,60.58,2024-09-14,62.24,0.027401782766589777,0.026785434163090427
2024-09-13,512010.XSHG,0.31,2024-09-14,0.309,-0.003225806451612856,-0.0038237812580643737
2024-09-13,512800.XSHG,0.597,2024-09-14,0.604,0.011725293132328396,0.011118349011725481
2024-09-13,600036.XSHG,29.33,2024-09-14,29.82,0.01670644391408116,0.016096511551312753
2024-09-13,601318.XSHG,41.01,2024-09-14,41.79,0.019019751280175523,0.018408431141185178
2024-09-18,000002.XSHE,6.49,2024-09-19,6.77,0.04314329738058542,0.042517505285053936
2024-09-18,000333.XSHE,62.24,2024-09-19,62.27,0.00048200514138829753,-0.00011819401831614229
2024-09-18,600036.XSHG,29.82,2024-09-19,29.54,-0.009389671361502372,-0.009983948403755827
2024-09-18,600104.XSHG,11.72,2024-09-19,11.77,0.00426621160409546,0.0036637422610921178
2024-09-18,601318.XSHG,41.79,2024-09-19,42.1,0.007418042593922092,0.006813682435989454
2024-09-19,000002.XSHE,6.77,2024-09-20,6.89,0.017725258493352936,0.01711471493353023
2024-09-19,000333.XSHE,62.27,2024-09-20,63.01,0.011883732134253977,0.011276692964509394
2024-09-19,000858.XSHE,105.97,2024-09-20,105.37,-0.005661979805605344,-0.006258493127300091
2024-09-19,159928.XSHE,0.673,2024-09-20,0.67,-0.004457652303120341,-0.005054888112927092
2024-09-19,512690.XSHG,0.498,2024-09-20,0.499,0.002008032128514081,0.0014069174899598025
2024-09-20,000002.XSHE,6.89,2024-09-21,6.93,0.005805515239477588,0.005202122452830249
2024-09-20,000333.XSHE,63.01,2024-09-21,64.48,0.023329630217425956,0.022715724538962423
2024-09-20,512690.XSHG,0.499,2024-09-21,0.5,0.002004008016031955,0.0014028957915832585
2024-09-20,600340.XSHG,1.07,2024-09-21,1.06,-0.009345794392523366,-0.009940097757009325
2024-09-20,601166.XSHG,15.53,2024-09-21,15.82,0.018673535093367777,0.01806242265293001
2024-09-23,000002.XSHE,6.93,2024-09-24,7.12,0.027417027417027562,0.02680066966810979
2024-09-23,000333.XSHE,64.48,2024-09-24,64.9,0.006513647642679921,0.005909830040322639
2024-09-23,512800.XSHG,0.618,2024-09-24,0.643,0.04045307443365709,0.03982889622977348
2024-09-23,600036.XSHG,30.09,2024-09-24,31.76,0.055500166168162224,0.05486696106347644
2024-09-23,601166.XSHG,15.82,2024-09-24,16.41,0.03729456384323648,0.03667228046144144
2024-09-24,000858.XSHE,115.01,2024-09-25,116.67,0.014433527519346123,0.013824958701852186
2024-09-24,159915.XSHE,1.587,2024-09-25,1.61,0.01449275362318847,0.013884149275362523
2024-09-24,512690.XSHG,0.53,2024-09-25,0.533,0.005660377358490676,0.005057071641509481
2024-09-24,600030.XSHG,20.48,2024-09-25,20.81,0.01611328125,0.015503704731445467
2024-09-24,600519.XSHG,1325.49,2024-09-25,1350.98,0.019230624146542086,0.01861917750281039
2024-09-25,000002.XSHE,7.31,2024-09-26,8.04,0.09986320109439117,0.09920338216142266
2024-09-25,000333.XSHE,66.88,2024-09-26,70.17,0.04919258373205748,0.04856316260915072
2024-09-25,600000.XSHG,9.21,2024-09-26,9.55,0.036916395222584164,0.03629433870792642
2024-09-25,600104.XSHG,12.5,2024-09-26,13.15,0.052000000000000046,0.051368894680000166
2024-09-25,600340.XSHG,1.13,2024-09-26,1.24,0.09734513274336298,0.09668682442477894
2024-09-26,000002.XSHE,8.04,2024-09-27,8.84,0.09950248756218905,0.0988428850248757
2024-09-26,000858.XSHE,128.33,2024-09-27,141.17,0.10005454687134718,0.09939461314813358
2024-09-26,159928.XSHE,0.785,2024-09-27,0.849,0.08152866242038215,0.08087984256050951
2024-09-26,512690.XSHG,0.586,2024-09-27,0.645,0.10068259385665534,0.10002228336177477
2024-09-26,600340.XSHG,1.24,2024-09-27,1.36,0.09677419354838723,0.09611622774193562
2024-09-27,159915.XSHE,1.86,2024-09-28,2.232,0.19999999999999996,0.19928010800000018
2024-09-27,510500.XSHG,5.404,2024-09-28,5.898,0.09141376757957054,0.09075901754626203
2024-09-27,512010.XSHG,0.363,2024-09-28,0.399,0.09917355371900838,0.09851414851239682
2024-09-27,512690.XSHG,0.645,2024-09-28,0.71,0.10077519379844957,0.10011482775193792
2024-09-27,600340.XSHG,1.36,2024-09-28,1.5,0.10294117647058809,0.10227951102941168
2024-09-30,159915.XSHE,2.232,2024-10-01,2.678,0.19982078853046592,0.19910100404121867
2024-09-30,512010.XSHG,0.399,2024-10-01,0.439,0.10025062656641603,0.09959057521303283
2024-09-30,600104.XSHG,14.55,2024-10-01,14.83,0.019243986254295464,0.018632531594501733
2024-09-30,601318.XSHG,54.59,2024-10-01,59.03,0.08133357757831106,0.0806848747517861
2024-09-30,601857.XSHG,8.77,2024-10-01,9.08,0.03534777651083254,0.03472666102622601
2024-10-08,159915.XSHE,2.678,2024-10-09,2.242,-0.16280806572068707,-0.16331030553398052
2024-10-08,512010.XSHG,0.439,2024-10-09,0.4,-0.08883826879271062,-0.08938488382687904
2024-10-08,512760.XSHG,0.989,2024-10-09,1.088,0.10010111223458051,0.09944115057633995
2024-10-08,600030.XSHG,29.43,2024-10-09,29.85,0.014271151885830946,0.013662680479103129
2024-10-08,600837.XSHG,8.75,2024-10-09,8.75,0.0,-0.0005999099999999258
2024-10-09,510500.XSHG,5.768,2024-10-10,5.695,-0.012656033287101187,-0.013248350806171927
2024-10-09,512760.XSHG,1.088,2024-10-10,1.051,-0.03400735294117663,-0.034586861590073625
2024-10-09,600030.XSHG,29.85,2024-10-10,27.29,-0.08576214405360139,-0.08631060448576222
2024-10-09,600837.XSHG,8.75,2024-10-10,9.63,0.10057142857142876,0.09991118476571437
2024-10-09,601398.XSHG,5.8,2024-10-10,6.02,0.037931034482758585,0.03730836927586201
2024-10-10,000001.XSHE,11.62,2024-10-11,11.36,-0.022375215146299476,-0.022961702030981024
2024-10-10,512800.XSHG,0.706,2024-10-11,0.698,-0.011331444759206777,-0.011924556912181195
2024-10-10,600036.XSHG,37.12,2024-10-11,36.84,-0.00754310344827569,-0.008138488265086008
2024-10-10,601398.XSHG,6.02,2024-10-11,6.02,0.0,-0.0005999099999999258
2024-10-10,601857.XSHG,8.5,2024-10-11,8.46,-0.004705882352941115,-0.005302969247058642
2024-10-11,000002.XSHE,9.1,2024-10-12,9.34,0.026373626373626502,0.02575789457142874
2024-10-11,600030.XSHG,27.7,2024-10-12,27.01,-0.024909747292418682,-0.02549471368592049
2024-10-11,600837.XSHG,10.59,2024-10-12,11.65,0.10009442870632679,0.09943447105760161
2024-10-11,601318.XSHG,55.02,2024-10-12,56.1,0.019629225736095934,0.019017539967284725
2024-10-11,601398.XSHG,6.02,2024-10-12,6.21,0.031561461794020085,0.03094261775747542
2024-10-14,000333.XSHE,75.36,2024-10-15,72.5,-0.03795116772823781,-0.038528310443205926
2024-10-14,510500.XSHG,5.601,2024-10-15,5.461,-0.024995536511337235,-0.02558045143902865
2024-10-14,512760.XSHG,1.019,2024-10-15,1.001,-0.017664376840039298,-0.0182536898037291
2024-10-14,512800.XSHG,0.723,2024-10-15,0.706,-0.023513139695712337,-0.024098943928077432
2024-10-14,601166.XSHG,18.78,2024-10-15,18.49,-0.015441959531416583,-0.01603260574547405
2024-10-15,000001.XSHE,11.54,2024-10-16,11.69,0.01299826689774708,0.012390559107452459
2024-10-15,000002.XSHE,9.2,2024-10-16,10.0,0.0869565217391306,0.08630444565217399
2024-10-15,600030.XSHG,26.28,2024-10-16,25.97,-0.011796042617960523,-0.012388876054033493
2024-10-15,600837.XSHG,10.8,2024-10-16,11.62,0.07592592592592573,0.07528046720370374
2024-10-15,601166.XSHG,18.49,2024-10-16,19.07,0.03136830719307748,0.030749579031909224
2024-10-16,000002.XSHE,10.0,2024-10-17,9.21,-0.07899999999999996,-0.07955251710999989
2024-10-16,512800.XSHG,0.726,2024-10-17,0.716,-0.01377410468319562,-0.014365751460055032
2024-10-16,600340.XSHG,1.56,2024-10-17,1.47,-0.05769230769230771,-0.058257607499999975
2024-10-16,600837.XSHG,11.62,2024-10-17,12.57,0.08175559380378661,0.08110663780550786
2024-10-16,601166.XSHG,19.07,2024-10-17,18.7,-0.019402202412165725,-0.019990472836916573
2024-10-17,000001.XSHE,11.59,2024-10-18,11.67,0.00690250215703192,0.006298451276962824
2024-10-17,600276.XSHG,49.04,2024-10-18,50.3,0.02569331158238164,0.025077987907830446
2024-10-17,600837.XSHG,12.57,2024-10-18,13.35,0.06205250596658707,0.061415370047732676
2024-10-17,601398.XSHG,6.04,2024-10-18,6.07,0.004966887417218624,0.004363997731788416
2024-10-17,601857.XSHG,8.12,2024-10-18,8.3,0.022167487684729315,0.021554279187192327
2024-10-18,159915.XSHE,2.156,2024-10-19,2.167,0.005102040816326481,0.0044990700510203485
2024-10-18,510500.XSHG,5.644,2024-10-19,5.699,0.009744861800141669,0.009139105760099131
2024-10-18,512760.XSHG,1.078,2024-10-19,1.122,0.04081632653061229,0.04019193040816349
2024-10-18,600030.XSHG,27.45,2024-10-19,27.01,-0.016029143897996256,-0.016619437854280328
2024-10-18,600837.XSHG,13.35,2024-10-19,12.4,-0.07116104868913853,-0.07171826846441931
2024-10-21,159915.XSHE,2.167,2024-10-22,2.175,0.00369173973234882,0.00308961502076599
2024-10-21,159928.XSHE,0.818,2024-10-22,0.828,0.012224938875305735,0.011617695012225093
2024-10-21,510500.XSHG,5.699,2024-10-22,5.751,0.00912440779084056,0.008519023967362926
2024-10-21,512690.XSHG,0.616,2024-10-22,0.626,0.016233766233766156,0.015624117435065088
2024-10-21,512760.XSHG,1.122,2024-10-22,1.104,-0.016042780748663166,-0.016633066524064155
2024-10-22,000002.XSHE,9.24,2024-10-23,9.33,0.009740259740259827,0.009134506461039082
2024-10-22,000333.XSHE,72.97,2024-10-23,72.86,-0.0015074688228038369,-0.002106474477182263
2024-10-22,000858.XSHE,138.97,2024-10-23,141.92,0.021227603079801316,0.020614958428437857
2024-10-22,512690.XSHG,0.626,2024-10-23,0.635,0.01437699680511173,0.013768461900958595
2024-10-22,600104.XSHG,13.05,2024-10-23,13.38,0.025287356321838983,0.024672276183908215
2024-10-23,000858.XSHE,141.92,2024-10-24,139.94,-0.013951521984216342,-0.014543062326662692
2024-10-23,159928.XSHE,0.836,2024-10-24,0.823,-0.015550239234449759,-0.01614082049043053
2024-10-23,512690.XSHG,0.635,2024-10-24,0.622,-0.020472440944881876,-0.021060069322834662
2024-10-23,600104.XSHG,13.38,2024-10-24,13.11,-0.020179372197309475,-0.02076717639013448
2024-10-23,601398.XSHG,5.89,2024-10-24,5.91,0.00339558573853993,0.0027936386926996626
2024-10-24,512760.XSHG,1.089,2024-10-25,1.097,0.007346189164370909,0.006741872112029368
2024-10-24,600340.XSHG,1.53,2024-10-25,1.55,0.013071895424836555,0.012464143464052446
2024-10-24,600837.XSHG,12.13,2024-10-25,11.88,-0.0206100577081616,-0.0211976035284418
2024-10-24,601318.XSHG,56.47,2024-10-25,56.08,-0.00690632194085361,-0.007502088769257953
2024-10-24,601857.XSHG,8.21,2024-10-25,8.16,-0.006090133982947665,-0.006686390450669877
2024-10-25,512010.XSHG,0.382,2024-10-26,0.385,0.007853403141361293,0.007248781806282967
2024-10-25,512760.XSHG,1.097,2024-10-26,1.095,-0.001823154056517784,-0.0024219703281675997
2024-10-25,600104.XSHG,13.28,2024-10-26,13.38,0.0075301204819278045,0.0069256930873495826
2024-10-25,600276.XSHG,47.83,2024-10-26,48.42,0.012335354380096142,0.011728044277649952
2024-10-25,600340.XSHG,1.55,2024-10-26,1.71,0.10322580645161294,0.10256397025806474
2024-10-28,512010.XSHG,0.385,2024-10-29,0.378,-0.018181818181818188,-0.018770820727272652
2024-10-28,512690.XSHG,0.644,2024-10-29,0.627,-0.026397515527950333,-0.026981589394409866
2024-10-28,512760.XSHG,1.095,2024-10-29,1.093,-0.0018264840182647957,-0.0024252982922373656
2024-10-28,600276.XSHG,48.42,2024-10-29,48.01,-0.008467575382073544,-0.009062405598926015
2024-10-28,600340.XSHG,1.71,2024-10-29,1.88,0.09941520467836251,0.098755654502924
2024-10-29,512760.XSHG,1.093,2024-10-30,1.076,-0.015553522415370447,-0.01614410170173819
2024-10-29,600276.XSHG,48.01,2024-10-30,47.03,-0.020412414080399843,-0.021000078469068817
2024-10-29,600340.XSHG,1.88,2024-10-30,2.07,0.10106382978723394,0.10040329058510644
2024-10-29,600837.XSHG,12.07,2024-10-30,11.87,-0.016570008285004212,-0.017159977771333823
2024-10-29,601857.XSHG,7.97,2024-10-30,7.88,-0.01129234629861986,-0.011885481907151774
2024-10-30,510500.XSHG,5.838,2024-10-31,5.903,0.01113394998287065,0.010527360614936532
2024-10-30,512760.XSHG,1.076,2024-10-31,1.099,0.021375464684014744,0.020762731328996198
2024-10-30,600104.XSHG,13.11,2024-10-31,12.8,-0.023646071700991533,-0.02423179618611726
2024-10-30,600519.XSHG,1479.42,2024-10-31,1475.35,-0.002751078125211359,-0.0033493377259331547
2024-10-30,600837.XSHG,11.87,2024-10-31,11.79,-0.006739679865206405,-0.007335546663858383
2024-10-31,000333.XSHE,68.13,2024-11-01,68.92,0.011595479230882333,0.010988612986936985
2024-10-31,510500.XSHG,5.903,2024-11-01,5.85,-0.008978485515839352,-0.009573009232593521
2024-10-31,512760.XSHG,1.099,2024-11-01,1.057,-0.03821656050955413,-0.03879354401273882
2024-10-31,600276.XSHG,46.43,2024-11-01,47.39,0.020676286883480444,0.020063972972216293
2024-10-31,600340.XSHG,2.28,2024-11-01,2.51,0.10087719298245612,0.10021676574561411
2024-11-01,000333.XSHE,68.92,2024-11-02,69.48,0.008125362739408004,0.007520578253046972
2024-11-01,000858.XSHE,141.34,2024-11-02,141.99,0.004598839677373734,0.003996170787462949
2024-11-01,512800.XSHG,0.696,2024-11-02,0.699,0.004310344827586299,0.003707849008620867
2024-11-01,600036.XSHG,36.43,2024-11-02,37.14,0.019489431786988698,0.018877829881965402
2024-11-01,600276.XSHG,47.39,2024-11-02,47.82,0.00907364422874024,0.008468290858831162
2024-11-04,000333.XSHE,69.48,2024-11-05,69.76,0.004029936672423684,0.003427609073114679
2024-11-04,512760.XSHG,1.075,2024-11-05,1.127,0.04837209302325585,0.04774316412093049
2024-11-04,600030.XSHG,28.58,2024-11-05,29.97,0.0486354093771868,0.04800632250874748
2024-11-04,600036.XSHG,37.14,2024-11-05,37.46,0.008616047388260606,0.008010968535272056
2024-11-04,600104.XSHG,13.1,2024-11-05,13.2,0.007633587786259444,0.007029098320610716
2024-11-05,512690.XSHG,0.647,2024-11-06,0.643,-0.0061823802163832875,-0.006778581344667689
2024-11-05,600030.XSHG,29.97,2024-11-06,30.57,0.020020020020020013,0.019408099809809842
2024-11-05,600036.XSHG,37.46,2024-11-06,36.96,-0.013347570742124892,-0.013939473400960911
2024-11-05,600104.XSHG,13.2,2024-11-06,13.21,0.0007575757575759567,0.00015721128030321552
2024-11-05,600276.XSHG,48.5,2024-11-06,48.57,0.0014432989690722486,0.000842523119587657
2024-11-06,000002.XSHE,9.5,2024-11-07,9.89,0.04105263157894745,0.04042809369473699
2024-11-06,600030.XSHG,30.57,2024-11-07,33.62,0.09977101733725857,0.09911125370624774
2024-11-06,600104.XSHG,13.21,2024-11-07,13.49,0.021196063588190706,0.020583437857683684
2024-11-06,601166.XSHG,17.51,2024-11-07,18.07,0.0319817247287264,0.03136262857224459
2024-11-06,601857.XSHG,8.03,2024-11-07,8.12,0.011207970112079746,0.010601336338729839
2024-11-07,000858.XSHE,155.02,2024-11-08,149.51,-0.03554380079989694,-0.03612238771835896
2024-11-07,512690.XSHG,0.706,2024-11-08,0.678,-0.03966005665722372,-0.040236174192634366
2024-11-07,600030.XSHG,33.62,2024-11-08,34.3,0.020226055919095876,0.019614012105889644
2024-11-07,600837.XSHG,12.85,2024-11-08,12.48,-0.028793774319066046,-0.02937641064591423
2024-11-07,601318.XSHG,59.13,2024-11-08,57.46,-0.028242854726873046,-0.02882582155589386
2024-11-08,000333.XSHE,69.23,2024-11-09,68.3,-0.013433482594251145,-0.014025333713708066
2024-11-08,512760.XSHG,1.184,2024-11-09,1.26,0.06418918918918926,0.06355077145270283
2024-11-08,600276.XSHG,49.32,2024-11-09,49.25,-0.0014193025141929771,-0.002018361060421636
2024-11-08,601398.XSHG,5.86,2024-11-09,5.8,-0.010238907849829393,-0.010832675426621141
2024-11-08,601857.XSHG,8.02,2024-11-09,7.86,-0.01995012468827917,-0.020538066408977373
2024-11-11,159915.XSHE,2.349,2024-11-12,2.345,-0.001702852277564948,-0.002301740719454992
2024-11-11,510500.XSHG,6.328,2024-11-12,6.269,-0.009323640960809176,-0.009917957615360296
2024-11-11,512760.XSHG,1.26,2024-11-12,1.23,-0.023809523809523836,-0.02439515023809513
2024-11-11,600030.XSHG,34.3,2024-11-12,33.37,-0.027113702623906666,-0.02769734684256553
2024-11-11,600104.XSHG,13.76,2024-11-12,15.13,0.0995639534883721,0.09890431407703493
2024-11-12,000333.XSHE,69.05,2024-11-13,70.02,0.014047791455467085,0.013439454044895216
2024-11-12,512010.XSHG,0.402,2024-11-13,0.399,-0.007462686567164201,-0.008058119626865645
2024-11-12,600104.XSHG,15.13,2024-11-13,16.64,0.09980171844018515,0.09914193639127578
2024-11-12,600340.XSHG,3.26,2024-11-13,2.94,-0.09815950920245398,-0.09870053233128828
2024-11-12,601857.XSHG,7.78,2024-11-13,7.84,0.007712082262210762,0.007107545706940943
2024-11-13,000333.XSHE,70.02,2024-11-14,70.25,0.0032847757783491804,0.0026828952085120594
2024-11-13,159915.XSHE,2.372,2024-11-14,2.288,-0.03541315345699836,-0.035991818752107885
2024-11-13,510300.XSHG,4.102,2024-11-14,4.033,-0.016821062896148153,-0.017410881772305986
2024-11-13,600104.XSHG,16.64,2024-11-14,16.63,-0.0006009615384616751,-0.0012005110156251275
2024-11-13,601318.XSHG,55.58,2024-11-14,55.4,-0.0032385750269880997,-0.0038365421734435357
2024-11-14,000333.XSHE,70.25,2024-11-15,68.92,-0.01893238434163702,-0.019520936614946582
2024-11-14,512800.XSHG,0.693,2024-11-15,0.692,-0.0014430014430014682,-0.0020420457720057295
2024-11-14,600000.XSHG,9.37,2024-11-15,9.26,-0.011739594450373425,-0.012332461750266699
2024-11-14,601398.XSHG,5.83,2024-11-15,5.81,-0.0034305317324185847,-0.0040283837221268826
2024-11-14,601857.XSHG,7.81,2024-11-15,7.81,0.0,-0.0005999099999999258
2024-11-15,512800.XSHG,0.692,2024-11-16,0.705,0.018786127167630173,0.018174947182080903
2024-11-15,600000.XSHG,9.26,2024-11-16,9.54,0.030237580993520474,0.02961953116630678
2024-11-15,600104.XSHG,17.18,2024-11-16,18.26,0.06286379511059392,0.06222617249126916
2024-11-15,601398.XSHG,5.81,2024-11-16,5.94,0.0223752151462997,0.021761882030981283
2024-11-15,601857.XSHG,7.81,2024-11-16,7.92,0.014084507042253502,0.013476147605633981
2024-11-18,600000.XSHG,9.54,2024-11-19,9.5,-0.004192872117400381,-0.004790266771488416
2024-11-18,600340.XSHG,2.6,2024-11-19,2.86,0.09999999999999987,0.09934009899999996
2024-11-18,601166.XSHG,17.69,2024-11-19,17.51,-0.010175240248728068,-0.010769046020350337
2024-11-18,601398.XSHG,5.94,2024-11-19,5.9,-0.006734006734006703,-0.0073298769360268246
2024-11-18,601857.XSHG,7.92,2024-11-19,7.9,-0.002525252525252486,-0.0031236476010100267
2024-11-19,159915.XSHE,2.215,2024-11-20,2.223,0.0036117381489841893,0.0030096614311512226
2024-11-19,510300.XSHG,3.968,2024-11-20,3.978,0.002520161290322731,0.0019187394203632469
2024-11-19,510500.XSHG,5.926,2024-11-20,5.986,0.010124873439081972,0.009518889426257227
2024-11-19,600030.XSHG,30.78,2024-11-20,31.22,0.01429499675113699,0.013686511039636029
2024-11-19,600340.XSHG,2.86,2024-11-20,2.94,0.027972027972027913,0.02735533727272732
2024-11-20,159915.XSHE,2.223,2024-11-21,2.223,0.0,-0.0005999099999999258
2024-11-20,510500.XSHG,5.986,2024-11-21,5.981,-0.0008352823254259567,-0.0014346912312059867
2024-11-20,600030.XSHG,31.22,2024-11-21,31.36,0.004484304932735439,0.0038817047533634685
2024-11-20,600104.XSHG,17.06,2024-11-21,18.19,0.06623681125439651,0.06559716512895686
2024-11-20,600340.XSHG,2.94,2024-11-21,2.88,-0.020408163265306145,-0.020995830204081578
2024-11-21,159915.XSHE,2.223,2024-11-22,2.136,-0.039136302294196956,-0.03971273403508757
2024-11-21,512760.XSHG,1.141,2024-11-22,1.094,-0.04119193689745826,-0.04176713544259403
2024-11-21,600030.XSHG,31.36,2024-11-22,29.83,-0.04878826530612246,-0.04935890673788257
2024-11-21,600104.XSHG,18.19,2024-11-22,17.89,-0.016492578339747155,-0.017082594277075258
2024-11-21,600340.XSHG,2.88,2024-11-22,2.93,0.01736111111111116,0.016750786006944685
2024-11-22,512800.XSHG,0.683,2024-11-23,0.684,0.0014641288433381305,0.0008633404978037884
2024-11-22,600104.XSHG,17.89,2024-11-23,19.4,0.08440469536053641,0.08375415013974274
2024-11-22,600276.XSHG,48.1,2024-11-23,47.59,-0.01060291060291052,-0.011196459810810633
2024-11-22,600340.XSHG,2.93,2024-11-23,2.73,-0.06825938566552903,-0.06881834617747429
2024-11-25,000333.XSHE,67.15,2024-11-26,67.35,0.0029784065524942616,0.0023767097766194123
2024-11-25,512690.XSHG,0.622,2024-11-26,0.625,0.004823151125401992,0.00422034766881052
2024-11-25,512800.XSHG,0.684,2024-11-26,0.69,0.008771929824561209,0.00816675745614015
2024-11-25,600104.XSHG,19.4,2024-11-26,18.28,-0.057731958762886504,-0.058297234783505014
2024-11-25,601398.XSHG,5.83,2024-11-26,5.91,0.013722126929674117,0.01311398488850779
2024-11-26,000858.XSHE,138.36,2024-11-27,140.51,0.015539173171436715,0.014929941066059493
2024-11-26,512800.XSHG,0.69,2024-11-27,0.697,0.010144927536231974,0.009538931492753644
2024-11-26,600276.XSHG,48.5,2024-11-27,49.81,0.027010309278350464,0.026394195523711472
2024-11-26,601318.XSHG,51.56,2024-11-27,52.05,0.00950349107835513,0.008897879839022238
2024-11-26,601398.XSHG,5.91,2024-11-27,5.95,0.006768189509306355,0.006164219204737753
2024-11-27,512800.XSHG,0.697,2024-11-28,0.696,-0.0014347202295552641,-0.0020337695265422173
2024-11-27,600000.XSHG,9.15,2024-11-28,9.16,0.0010928961748633004,0.0004923305355191143
2024-11-27,600276.XSHG,49.81,2024-11-28,49.52,-0.005822124071471535,-0.006418541321019822
2024-11-27,600340.XSHG,2.86,2024-11-28,2.91,0.0174825174825175,0.016872119545454645
2024-11-27,601398.XSHG,5.95,2024-11-28,5.94,-0.001680672268907557,-0.0022795740168066736
2024-11-28,000858.XSHE,137.59,2024-11-29,140.24,0.01926012064830296,0.018648656309325107
2024-11-28,512800.XSHG,0.696,2024-11-29,0.697,0.001436781609195359,0.0008360096695403385
2024-11-28,600000.XSHG,9.16,2024-11-29,9.18,0.0021834061135370675,0.0015821862663754072
2024-11-28,600276.XSHG,49.52,2024-11-29,50.51,0.019991922455573352,0.019380019101373103
2024-11-28,601398.XSHG,5.94,2024-11-29,5.9,-0.006734006734006703,-0.0073298769360268246
2024-11-29,000333.XSHE,66.9,2024-11-30,66.85,-0.0007473841554560545,-0.0013468457922273247
2024-11-29,000858.XSHE,140.24,2024-11-30,140.84,0.00427837992013691,0.003675903277239101
2024-11-29,600000.XSHG,9.18,2024-11-30,9.21,0.0032679738562093608,0.0026661033660133615
2024-11-29,600340.XSHG,2.88,2024-11-30,3.17,0.10069444444444442,0.10003412684027801
2024-12-02,000002.XSHE,8.68,2024-12-03,8.74,0.00691244239631339,0.00630838555299551
2024-12-02,159915.XSHE,2.211,2024-12-03,2.198,-0.005879692446856599,-0.006476075160560701
2024-12-02,600030.XSHG,30.75,2024-12-03,30.57,-0.005853658536585371,-0.006450056868292697
2024-12-02,600340.XSHG,3.17,2024-12-03,3.49,0.10094637223974767,0.10028590350157729
2024-12-02,601318.XSHG,52.49,2024-12-03,52.9,0.007811011621261077,0.007206415717279535
2024-12-03,512800.XSHG,0.705,2024-12-04,0.704,-0.0014184397163120588,-0.002017498780141791
2024-12-03,600000.XSHG,9.37,2024-12-04,9.46,0.009605122732123883,0.008999450522945818
2024-12-03,600340.XSHG,3.49,2024-12-04,3.53,0.011461318051575908,0.010854532292263519
2024-12-03,600519.XSHG,1474.34,2024-12-04,1467.83,-0.004415535086886302,-0.005012796163232247
2024-12-03,601166.XSHG,17.63,2024-12-04,17.6,-0.001701644923425838,-0.0023005340896197213
2024-12-04,000333.XSHE,68.19,2024-12-05,68.41,0.003226279513125041,0.002624434035782386
2024-12-04,600000.XSHG,9.46,2024-12-05,9.36,-0.010570824524313016,-0.011164392980972604
2024-12-04,600340.XSHG,3.53,2024-12-05,3.69,0.04532577903682733,0.04469867764872548
2024-12-04,601398.XSHG,6.01,2024-12-05,6.01,0.0,-0.0005999099999999258
2024-12-04,601857.XSHG,8.2,2024-12-05,8.06,-0.01707317073170722,-0.017662838365853473
2024-12-05,000333.XSHE,68.41,2024-12-06,69.49,0.01578716561906157,0.015177784740534994
2024-12-05,512760.XSHG,1.111,2024-12-06,1.124,0.011701170117011772,0.011094240468046968
2024-12-05,600036.XSHG,35.38,2024-12-06,36.14,0.02148106274731476,0.020868266042962214
2024-12-05,600340.XSHG,3.69,2024-12-06,4.06,0.10027100271002709,0.09961093913279151
2024-12-05,601398.XSHG,6.01,2024-12-06,6.07,0.009983361064891838,0.009377461946755261
2024-12-06,000333.XSHE,69.49,2024-12-07,69.76,0.00388545114404959,0.0032832102230540006
2024-12-06,600036.XSHG,36.14,2024-12-07,36.14,0.0,-0.0005999099999999258
2024-12-06,600340.XSHG,4.06,2024-12-07,3.65,-0.10098522167487678,-0.1015245496305417
2024-12-06,601398.XSHG,6.07,2024-12-07,6.07,0.0,-0.0005999099999999258
2024-12-06,601857.XSHG,8.09,2024-12-07,8.19,0.012360939431396822,0.011753613980222566
2024-12-09,000001.XSHE,11.32,2024-12-10,11.43,0.009717314487632356,0.009111574973498016
2024-12-09,000333.XSHE,69.76,2024-12-10,70.44,0.009747706422018165,0.0091419486754587
2024-12-09,512800.XSHG,0.715,2024-12-10,0.722,0.009790209790209836,0.009184426545454594
2024-12-09,601398.XSHG,6.07,2024-12-10,6.16,0.014827018121911006,0.014218213245469569
2024-12-09,601857.XSHG,8.19,2024-12-10,8.13,-0.007326007326007189,-0.007921522380952228
2024-12-10,000001.XSHE,11.43,2024-12-11,11.37,-0.005249343832021025,-0.005846104698162713
2024-12-10,512800.XSHG,0.722,2024-12-11,0.715,-0.00969529085872578,-0.01028938455678663
2024-12-10,600036.XSHG,37.0,2024-12-11,36.71,-0.007837837837837869,-0.008433045840540498
2024-12-10,601166.XSHG,17.85,2024-12-11,17.72,-0.007282913165266303,-0.007878454072829277
2024-12-10,601398.XSHG,6.16,2024-12-11,6.06,-0.016233766233766267,-0.01682393743506483
2024-12-11,000002.XSHE,8.65,2024-12-12,8.69,0.0046242774566473965,0.00402159330635854
2024-12-11,000333.XSHE,71.64,2024-12-12,72.08,0.006141820212171911,0.005538225672808483
2024-12-11,159928.XSHE,0.853,2024-12-12,0.87,0.01992966002344665,0.01931779402110201
2024-12-11,512690.XSHG,0.653,2024-12-12,0.669,0.024502297090352343,0.02388768791730489
2024-12-11,600340.XSHG,3.7,2024-12-12,3.69,-0.002702702702702786,-0.003300991324324376
2024-12-12,159928.XSHE,0.87,2024-12-13,0.846,-0.02758620689655178,-0.028169567655172423
2024-12-12,512690.XSHG,0.669,2024-12-13,0.647,-0.03288490284005985,-0.03346508485799704
2024-12-12,600000.XSHG,9.53,2024-12-13,9.38,-0.015739769150052263,-0.016330236705141443
2024-12-12,600340.XSHG,3.69,2024-12-13,3.42,-0.07317073170731703,-0.07372674585365846
2024-12-12,600519.XSHG,1512.06,2024-12-13,1466.86,-0.02989299366427256,-0.030474970558443393
2024-12-13,000858.XSHE,141.45,2024-12-14,138.16,-0.023259102156238942,-0.023845058788264373
2024-12-13,510500.XSHG,6.0,2024-12-14,5.908,-0.01533333333333331,-0.015924044713333196
2024-12-13,600000.XSHG,9.38,2024-12-14,9.36,-0.002132196162047073,-0.002730827036247385
2024-12-13,600837.XSHG,11.53,2024-12-14,11.44,-0.0078057241977450564,-0.00840095146574149
2024-12-13,601398.XSHG,6.13,2024-12-14,6.27,0.022838499184339334,0.022224888140293775
2024-12-16,512800.XSHG,0.715,2024-12-17,0.714,-0.0013986013986013734,-0.001997672363636238
2024-12-16,600036.XSHG,36.18,2024-12-17,36.28,0.0027639579878386833,0.002162389861802394
2024-12-16,600519.XSHG,1474.78,2024-12-17,1504.53,0.020172500305130292,0.019560488620472327
2024-12-16,601398.XSHG,6.27,2024-12-17,6.25,-0.0031897926634768536,-0.003787789074960135
2024-12-16,601857.XSHG,8.21,2024-12-17,8.24,0.0036540803897684437,0.0030519782704017118
2024-12-17,600036.XSHG,36.28,2024-12-18,36.92,0.01764057331863289,0.01703008056229338
2024-12-17,600276.XSHG,46.33,2024-12-18,46.42,0.0019425857975394756,0.00134151042089381
2024-12-17,600519.XSHG,1504.53,2024-12-18,1517.56,0.008660511920666192,0.008055406392959874
2024-12-17,601166.XSHG,17.54,2024-12-18,17.77,0.013112884834663552,0.012505108283922262
2024-12-17,601857.XSHG,8.24,2024-12-18,8.27,0.003640776699028958,0.0030386825606794066
2024-12-18,600036.XSHG,36.92,2024-12-19,36.44,-0.01300108342361872,-0.013593193943661985
2024-12-18,600104.XSHG,18.88,2024-12-19,18.24,-0.03389830508474578,-0.0344778791525423
2024-12-18,600519.XSHG,1517.56,2024-12-19,1497.78,-0.013034081024802968,-0.01362617174925529
2024-12-18,601166.XSHG,17.77,2024-12-19,17.71,-0.003376477208778761,-0.0039743616263363535
2024-12-18,601398.XSHG,6.32,2024-12-19,6.23,-0.014240506329113889,-0.014831873306962007
2024-12-19,000001.XSHE,11.24,2024-12-20,11.27,0.002669039145907437,0.002067527962633431
2024-12-19,512760.XSHG,1.125,2024-12-20,1.16,0.03111111111111109,0.03049253724444445
2024-12-19,600000.XSHG,9.25,2024-12-20,9.3,0.005405405405405572,0.004802252648648864
2024-12-19,601166.XSHG,17.71,2024-12-20,17.7,-0.000564652738565874,-0.0011642239977414093
2024-12-19,601318.XSHG,51.4,2024-12-20,51.14,-0.005058365758754846,-0.005655241194552407
2024-12-20,510500.XSHG,5.912,2024-12-21,5.819,-0.015730717185385656,-0.016321190170838884
2024-12-20,512010.XSHG,0.368,2024-12-21,0.366,-0.005434782608695676,-0.006031432228260858
2024-12-20,512760.XSHG,1.16,2024-12-21,1.143,-0.014655172413792994,-0.015246290629310155
2024-12-20,600000.XSHG,9.3,2024-12-21,9.64,0.03655913978494629,0.035937297591397854
2024-12-20,601398.XSHG,6.27,2024-12-21,6.43,0.02551834130781505,0.024903122599681193
2024-12-23,512800.XSHG,0.727,2024-12-24,0.736,0.012379642365887289,0.011772305694635499
2024-12-23,600000.XSHG,9.64,2024-12-24,9.83,0.01970954356846466,0.01909780961618268
2024-12-23,600036.XSHG,36.76,2024-12-24,37.59,0.02257889009793268,0.021965434795974126
2024-12-23,601166.XSHG,17.98,2024-12-24,18.13,0.008342602892102313,0.007737688081201455
2024-12-23,601398.XSHG,6.43,2024-12-24,6.51,0.012441679626749691,0.011834305738724904
2024-12-24,512800.XSHG,0.736,2024-12-25,0.744,0.010869565217391353,0.010263134456521827
2024-12-24,600000.XSHG,9.83,2024-12-25,10.05,0.02238046795523907,0.02176713168870803
2024-12-24,600036.XSHG,37.59,2024-12-25,37.77,0.004788507581803714,0.004185724908220445
2024-12-24,601318.XSHG,52.27,2024-12-25,52.39,0.0022957719533192034,0.001694484696766807
2024-12-24,601857.XSHG,8.54,2024-12-25,8.77,0.02693208430913363,0.026316017482435727
2024-12-25,512800.XSHG,0.744,2024-12-26,0.744,0.0,-0.0005999099999999258
2024-12-25,600000.XSHG,10.05,2024-12-26,10.04,-0.0009950248756220859,-0.0015943379502488808
2024-12-25,601166.XSHG,18.34,2024-12-26,18.36,0.0010905125408942062,0.0004899483315157216
2024-12-25,601398.XSHG,6.66,2024-12-26,6.65,-0.0015015015015015232,-0.0021005107357356945
2024-12-25,601857.XSHG,8.77,2024-12-26,8.72,-0.005701254275940593,-0.006297744036487751
2024-12-26,510300.XSHG,3.983,2024-12-27,3.977,-0.001506402209389912,-0.0021054085036404935
2024-12-26,510500.XSHG,5.88,2024-12-27,5.894,0.0023809523809523725,0.0017796140238095504
2024-12-26,512760.XSHG,1.181,2024-12-27,1.169,-0.010160880609652811,-0.010754694995766312
2024-12-26,600036.XSHG,37.84,2024-12-27,37.71,-0.003435517970401758,-0.004033366968816066
2024-12-26,601166.XSHG,18.36,2024-12-27,18.49,0.007080610021786393,0.00647645229302829
2024-12-27,512800.XSHG,0.742,2024-12-28,0.751,0.0121293800539084,0.011522193517520485
2024-12-27,600000.XSHG,10.06,2024-12-28,10.16,0.00994035785288272,0.009334484532803167
2024-12-27,600104.XSHG,19.71,2024-12-28,20.93,0.06189751395230836,0.061260471014713325
2024-12-27,601166.XSHG,18.49,2024-12-28,18.68,0.010275824770145991,0.009669750200108185
2024-12-27,601398.XSHG,6.64,2024-12-28,6.67,0.004518072289156683,0.003915451852409824
2024-12-30,000001.XSHE,11.59,2024-12-31,11.34,-0.021570319240724722,-0.02215728899050895
2024-12-30,512800.XSHG,0.751,2024-12-31,0.743,-0.010652463382157085,-0.01124598286284939
2024-12-30,600030.XSHG,30.24,2024-12-31,28.92,-0.043650793650793496,-0.04422451710317443
2024-12-30,600104.XSHG,20.93,2024-12-31,20.65,-0.013377926421404784,-0.01396981086956528
2024-12-30,601318.XSHG,52.39,2024-12-31,51.17,-0.023286886810459984,-0.023872826774193445
2024-12-31,512690.XSHG,0.616,2025-01-01,0.6,-0.025974025974025983,-0.026558353896103837
2024-12-31,600104.XSHG,20.65,2025-01-01,18.93,-0.08329297820823245,-0.08384291991767545
2024-12-31,600276.XSHG,45.73,2025-01-01,44.79,-0.020555434069538525,-0.021143012659085803
2024-12-31,600519.XSHG,1494.71,2025-01-01,1459.4,-0.02362331154538333,-0.024209049684554063
2024-12-31,601398.XSHG,6.64,2025-01-01,6.53,-0.016566265060240837,-0.01715623679216849
2025-01-02,000333.XSHE,71.85,2025-01-03,71.25,-0.008350730688935215,-0.008945631002087562
2025-01-02,600000.XSHG,9.83,2025-01-03,9.76,-0.007121057985757906,-0.007716695991861533
2025-01-02,601166.XSHG,18.08,2025-01-03,18.08,0.0,-0.0005999099999999258
2025-01-02,601398.XSHG,6.53,2025-01-03,6.44,-0.013782542113323082,-0.014374183828483877
2025-01-02,601857.XSHG,8.53,2025-01-03,8.6,0.008206330597889888,0.00760149753810091
2025-01-03,000001.XSHE,11.03,2025-01-04,11.09,0.005439709882139709,0.004836536545784531
2025-01-03,000333.XSHE,71.25,2025-01-04,71.91,0.009263157894736862,0.008657690833684173
2025-01-03,600036.XSHG,37.06,2025-01-04,37.43,0.009983810037776486,0.009377910650296695
2025-01-03,601166.XSHG,18.08,2025-01-04,18.35,0.014933628318584136,0.014324759485619731
2025-01-03,601857.XSHG,8.6,2025-01-04,8.66,0.006976744186046657,0.006372648767442035
2025-01-06,000333.XSHE,71.91,2025-01-07,72.43,0.007231261298845881,0.006627013192880282
2025-01-06,600030.XSHG,26.82,2025-01-07,26.92,0.0037285607755406236,0.0031264139746458586
2025-01-06,600837.XSHG,10.56,2025-01-07,10.72,0.015151515151515138,0.01454251560606079
2025-01-06,601166.XSHG,18.35,2025-01-07,18.56,0.011444141689373133,0.010837366234332402
2025-01-06,601398.XSHG,6.48,2025-01-07,6.56,0.012345679012345512,0.011738362716049222
2025-01-07,000333.XSHE,72.43,2025-01-08,74.0,0.021676101063095254,0.0210631873533067
2025-01-07,600000.XSHG,9.97,2025-01-08,10.0,0.0030090270812437314,0.0024073119358074546
2025-01-07,600837.XSHG,10.72,2025-01-08,10.66,-0.005597014925373234,-0.006193567220149299
2025-01-07,601166.XSHG,18.56,2025-01-08,18.77,0.011314655172413923,0.010707957397629642
2025-01-07,601398.XSHG,6.56,2025-01-08,6.62,0.009146341463414753,0.008540944481707502
2025-01-08,000333.XSHE,74.0,2025-01-09,75.1,0.014864864864864824,0.014256037283783884
2025-01-08,512760.XSHG,1.089,2025-01-09,1.092,0.0027548209366392573,0.0021532582920111842
2025-01-08,512800.XSHG,0.738,2025-01-09,0.733,-0.006775067750677488,-0.007370913319783123
2025-01-08,601166.XSHG,18.77,2025-01-09,18.74,-0.0015982951518380695,-0.0021972463185935265
2025-01-08,601398.XSHG,6.62,2025-01-09,6.58,-0.006042296072507614,-0.006638581238670782
2025-01-09,000333.XSHE,75.1,2025-01-10,72.85,-0.029960053262316877,-0.030541989926764157
2025-01-09,000858.XSHE,124.77,2025-01-10,122.88,-0.01514787208463575,-0.01573869472469347
2025-01-09,159915.XSHE,1.971,2025-01-10,1.938,-0.016742770167427756,-0.017332636012176605
2025-01-09,510500.XSHG,5.451,2025-01-10,5.37,-0.01485965877820572,-0.01545065432030801
2025-01-09,512760.XSHG,1.092,2025-01-10,1.087,-0.0045787545787546735,-0.005175917738095226
2025-01-10,600104.XSHG,17.54,2025-01-11,16.19,-0.07696693272519939,-0.07752066949258807
2025-01-10,600276.XSHG,42.52,2025-01-11,42.66,0.0032925682031983428,0.0026906829586075265
2025-01-10,600519.XSHG,1408.4,2025-01-11,1416.22,0.005552399886395776,0.004949158946179866
2025-01-10,601166.XSHG,18.71,2025-01-11,18.43,-0.014965259219668736,-0.015556191411010167
2025-01-10,601857.XSHG,8.51,2025-01-11,8.62,0.012925969447708408,0.012318305029377141
2025-01-13,000002.XSHE,6.76,2025-01-14,6.91,0.022189349112426093,0.021576127500000153
2025-01-13,159928.XSHE,0.77,2025-01-14,0.788,0.023376623376623495,0.02276268950649385
2025-01-13,512010.XSHG,0.338,2025-01-14,0.346,0.023668639053254337,0.023054530000000018
2025-01-13,512760.XSHG,1.082,2025-01-14,1.124,0.038817005545286554,0.03819380883548984
2025-01-13,600276.XSHG,42.66,2025-01-14,44.13,0.034458509142053506,0.03383792713783418
2025-01-14,000002.XSHE,6.91,2025-01-15,6.86,-0.00723589001447178,-0.007831459131693141
2025-01-14,159915.XSHE,2.036,2025-01-15,1.999,-0.018172888015717037,-0.018761895918467553
2025-01-14,512010.XSHG,0.346,2025-01-15,0.343,-0.00867052023121373,-0.009265228699421812
2025-01-14,600036.XSHG,38.2,2025-01-15,38.96,0.019895287958115127,0.0192834425759163
2025-01-14,600104.XSHG,16.96,2025-01-15,16.22,-0.04363207547169823,-0.04420581015330194
2025-01-15,512800.XSHG,0.736,2025-01-16,0.743,0.009510869565217295,0.008905253899456511
2025-01-15,600036.XSHG,38.96,2025-01-16,39.29,0.008470225872689863,0.007865234499486728
2025-01-15,600519.XSHG,1442.99,2025-01-16,1418.58,-0.01691626414597469,-0.017506025909950762
2025-01-15,601166.XSHG,18.92,2025-01-16,19.1,0.009513742071881603,0.008908124682875274
2025-01-15,601857.XSHG,8.61,2025-01-16,8.75,0.016260162601626105,0.01565049796747986
2025-01-16,000333.XSHE,70.67,2025-01-17,70.92,0.003537568982595163,0.0029355367595866877
2025-01-16,159915.XSHE,2.01,2025-01-17,2.026,0.007960199004975133,0.007355513601990049
2025-01-16,512800.XSHG,0.743,2025-01-17,0.739,-0.0053835800807536804,-0.005980260417227434
2025-01-16,600036.XSHG,39.29,2025-01-17,39.02,-0.006871977602443291,-0.007467765034359752
2025-01-16,601857.XSHG,8.75,2025-01-17,8.58,-0.01942857142857146,-0.020016826034285673
2025-01-17,159915.XSHE,2.026,2025-01-18,2.062,0.017769002961500524,0.01715843315893384
2025-01-17,510300.XSHG,3.812,2025-01-18,3.831,0.004984260230850079,0.004381360123294931
2025-01-17,510500.XSHG,5.581,2025-01-18,5.608,0.004837842680523119,0.004235030410320695
2025-01-17,512760.XSHG,1.118,2025-01-18,1.118,0.0,-0.0005999099999999258
2025-01-17,600276.XSHG,42.69,2025-01-18,44.36,0.0391192316701805,0.03849585365190933
2025-01-20,000002.XSHE,6.85,2025-01-21,7.36,0.07445255474452561,0.07380797991240895
2025-01-20,000858.XSHE,128.33,2025-01-21,127.46,-0.006779396867451215,-0.007375239839476411
2025-01-20,159915.XSHE,2.062,2025-01-21,2.07,0.0038797284190106307,0.00327749093113483
2025-01-20,600000.XSHG,10.06,2025-01-21,10.06,0.0,-0.0005999099999999258
2025-01-20,601318.XSHG,48.41,2025-01-21,48.5,0.0018591200165256616,0.001258094711836577
2025-01-21,000002.XSHE,7.36,2025-01-22,7.02,-0.04619565217391319,-0.04676784894021746
2025-01-21,512800.XSHG,0.736,2025-01-22,0.722,-0.01902173913043481,-0.01961023779891302
2025-01-21,600276.XSHG,44.97,2025-01-22,44.27,-0.015565932844118224,-0.016156504685345574
2025-01-21,600340.XSHG,2.56,2025-01-22,2.37,-0.07421875,-0.07477413542968747
2025-01-21,601318.XSHG,48.5,2025-01-22,47.57,-0.019175257731958717,-0.01976366430309262
2025-01-22,510500.XSHG,5.607,2025-01-23,5.584,-0.004102015337970499,-0.004699464497949002
2025-01-22,512010.XSHG,0.342,2025-01-23,0.343,0.0029239766081872176,0.0023223124853801735
2025-01-22,512760.XSHG,1.13,2025-01-23,1.114,-0.014159292035398008,-0.014750707734512924
2025-01-22,600276.XSHG,44.27,2025-01-23,43.8,-0.010616670431443542,-0.011210211384685032
2025-01-22,601318.XSHG,47.57,2025-01-23,48.96,0.029220096699600573,0.028602657271389775
2025-01-23,000002.XSHE,7.36,2025-01-24,7.39,0.0040760869565217295,0.00347373167119569
2025-01-23,512800.XSHG,0.74,2025-01-24,0.742,0.002702702702702675,0.0021011713243244134
2025-01-23,600000.XSHG,10.01,2025-01-24,10.08,0.006993006993007089,0.006388901818181969
2025-01-23,601166.XSHG,19.24,2025-01-24,19.33,0.004677754677754775,0.004075038445946033
2025-01-23,601398.XSHG,6.53,2025-01-24,6.54,0.0015313935681469104,0.0009305648698314517
2025-01-24,159915.XSHE,2.084,2025-01-25,2.028,-0.026871401151631447,-0.02745519072936653
2025-01-24,600036.XSHG,38.59,2025-01-25,38.96,0.009587976159626699,0.00898231423684881
2025-01-24,600276.XSHG,44.48,2025-01-25,44.49,0.00022482014388502947,-0.0003752247279674714
2025-01-24,600837.XSHG,10.84,2025-01-25,10.58,-0.023985239852398532,-0.024570760867158592
2025-01-24,601318.XSHG,49.43,2025-01-25,49.42,-0.0002023062917256846,-0.0008020949261581256
2025-01-27,000333.XSHE,70.47,2025-01-28,68.88,-0.02256279267773531,-0.023149167032779916
2025-01-27,512800.XSHG,0.752,2025-01-28,0.74,-0.015957446808510634,-0.016547783776595715
2025-01-27,600000.XSHG,10.34,2025-01-28,10.1,-0.023210831721470093,-0.023796817311412033
2025-01-27,601398.XSHG,6.68,2025-01-28,6.56,-0.017964071856287456,-0.018553205029940067
2025-01-27,601857.XSHG,8.1,2025-01-28,7.92,-0.022222222222222143,-0.022808800888888703
2025-02-05,159915.XSHE,2.024,2025-02-06,2.08,0.027667984189723382,0.027051475889328103
2025-02-05,510300.XSHG,3.801,2025-02-06,3.845,0.011575901078663575,0.010969046579847541
2025-02-05,510500.XSHG,5.608,2025-02-06,5.74,0.023537803138373947,0.022923772574893198
2025-02-05,600030.XSHG,26.72,2025-02-06,27.13,0.015344311377245567,0.014735196171407283
2025-02-05,600837.XSHG,10.41,2025-02-06,10.41,0.0,-0.0005999099999999258
2025-02-06,000002.XSHE,7.02,2025-02-07,7.42,0.056980056980056926,0.056345964074073995
2025-02-06,512760.XSHG,1.168,2025-02-07,1.173,0.0042808219178083196,0.0036783438099317056
2025-02-06,600030.XSHG,27.13,2025-02-07,27.9,0.028381865093991987,0.027764928529303567
2025-02-06,600519.XSHG,1385.68,2025-02-07,1408.4,0.01639628196986309,0.01578653567634669
2025-02-06,601318.XSHG,48.84,2025-02-07,49.45,0.012489762489762413,0.011882359756347327
2025-02-07,000002.XSHE,7.42,2025-02-08,7.42,0.0,-0.0005999099999999258
2025-02-07,159915.XSHE,2.131,2025-02-08,2.142,0.005161895823557083,0.004558889150633627
2025-02-07,600030.XSHG,27.9,2025-02-08,27.91,0.00035842293906807043,-0.000241702082437123
2025-02-07,600104.XSHG,17.96,2025-02-08,18.09,0.007238307349665796,0.006634055016703666
2025-02-07,600340.XSHG,2.38,2025-02-08,2.48,0.04201680672268915,0.041391690420168104
2025-02-10,510500.XSHG,5.882,2025-02-11,5.859,-0.003910234614076802,-0.004507798825229337
2025-02-10,512760.XSHG,1.188,2025-02-11,1.174,-0.011784511784511786,-0.012377352138047026
2025-02-10,600036.XSHG,38.92,2025-02-11,39.28,0.009249743062692772,0.008644284049332152
2025-02-10,600340.XSHG,2.48,2025-02-11,2.4,-0.032258064516129115,-0.03283862258064518
2025-02-10,601166.XSHG,19.44,2025-02-11,19.44,0.0,-0.0005999099999999258
2025-02-11,000333.XSHE,70.3,2025-02-12,69.9,-0.005689900426742445,-0.006286396998577359
2025-02-11,512800.XSHG,0.745,2025-02-12,0.75,0.006711409395973256,0.006107473154362664
2025-02-11,600036.XSHG,39.28,2025-02-12,39.89,0.015529531568228006,0.014920305246945098
2025-02-11,600104.XSHG,18.91,2025-02-12,18.31,-0.031729243786356554,-0.03231011909571657
2025-02-11,601398.XSHG,6.68,2025-02-12,6.76,0.011976047904191711,0.011368953353293465
2025-02-12,000002.XSHE,7.96,2025-02-13,7.97,0.0012562814070351536,0.0006556177512562211
2025-02-12,512760.XSHG,1.212,2025-02-13,1.18,-0.02640264026402639,-0.026986711056105506
2025-02-12,600340.XSHG,2.57,2025-02-13,2.83,0.10116731517509736,0.10050671389105093
2025-02-12,600519.XSHG,1415.26,2025-02-13,1436.9,0.01529047666153227,0.014681393751678318
2025-02-12,601398.XSHG,6.76,2025-02-13,6.82,0.00887573964497057,0.008270505000000261
2025-02-13,000002.XSHE,7.97,2025-02-14,7.81,-0.020075282308657516,-0.020663148946047594
2025-02-13,000858.XSHE,128.2,2025-02-14,127.92,-0.0021840873634944025,-0.0027826871076440662
2025-02-13,159928.XSHE,0.787,2025-02-14,0.787,0.0,-0.0005999099999999258
2025-02-13,512690.XSHG,0.591,2025-02-14,0.588,-0.005076142131979711,-0.005673006903553324
2025-02-13,600340.XSHG,2.83,2025-02-14,2.7,-0.04593639575971731,-0.04650874805653704
2025-02-14,159915.XSHE,2.174,2025-02-15,2.182,0.0036798528058876734,0.0030777352253907875
2025-02-14,510500.XSHG,5.953,2025-02-15,5.944,-0.0015118427683521451,-0.0021108457987568663
2025-02-14,512010.XSHG,0.362,2025-02-15,0.364,0.005524861878453136,0.004921637458563666
2025-02-14,600276.XSHG,45.34,2025-02-15,45.1,-0.005293339214821446,-0.005890073687693009
2025-02-14,601318.XSHG,50.25,2025-02-15,50.38,0.002587064676617068,0.0019856026706470686
2025-02-17,000001.XSHE,11.42,2025-02-18,11.45,0.0026269702276706663,0.002025484281961365
2025-02-17,512690.XSHG,0.591,2025-02-18,0.584,-0.011844331641285955,-0.012437136108290892
2025-02-17,512760.XSHG,1.193,2025-02-18,1.169,-0.02011735121542335,-0.02070519261525572
2025-02-17,600104.XSHG,18.36,2025-02-18,17.49,-0.04738562091503273,-0.04795710380718954
2025-02-17,600340.XSHG,2.76,2025-02-18,2.56,-0.0724637681159419,-0.07302020637681139
2025-02-18,512800.XSHG,0.761,2025-02-19,0.757,-0.005256241787122251,-0.005852998515111674
2025-02-18,600000.XSHG,10.19,2025-02-19,10.13,-0.0058881256133462845,-0.006484503267909503
2025-02-18,600036.XSHG,40.31,2025-02-19,40.24,-0.0017365418010418798,-0.002335410032249907
2025-02-18,601166.XSHG,20.11,2025-02-19,20.06,-0.0024863252113376255,-0.0030847436399800143
2025-02-18,601398.XSHG,6.95,2025-02-19,6.91,-0.0057553956834532904,-0.006351852964028737
2025-02-19,159915.XSHE,2.185,2025-02-20,2.184,-0.0004576659038900699,-0.001057301345537498
2025-02-19,510500.XSHG,5.937,2025-02-20,5.952,0.002526528549772644,0.0019251028600302256
2025-02-19,512760.XSHG,1.218,2025-02-20,1.211,-0.005747126436781547,-0.006343588678160872
2025-02-19,600030.XSHG,27.75,2025-02-20,27.65,-0.003603603603603678,-0.004201351765765748
2025-02-19,600519.XSHG,1462.34,2025-02-20,1445.67,-0.011399537727204256,-0.011992609030526347
2025-02-20,510500.XSHG,5.952,2025-02-21,6.054,0.017137096774193505,0.01652690605846785
2025-02-20,512010.XSHG,0.365,2025-02-21,0.373,0.021917808219177992,0.02130474950684924
2025-02-20,600276.XSHG,46.33,2025-02-21,48.11,0.03842003021800133,0.03779707165767343
2025-02-20,601398.XSHG,6.94,2025-02-21,6.79,-0.021613832853025983,-0.022200776498559005
2025-02-20,601857.XSHG,7.79,2025-02-21,7.77,-0.0025673940949936247,-0.0031657638896019913
2025-02-21,510300.XSHG,3.985,2025-02-22,3.972,-0.0032622333751568533,-0.00386018632873264
2025-02-21,510500.XSHG,6.054,2025-02-22,6.036,-0.0029732408325074955,-0.0035713671555995807
2025-02-21,512010.XSHG,0.373,2025-02-22,0.368,-0.013404825737265424,-0.013996694048257319
2025-02-21,600276.XSHG,48.11,2025-02-22,47.92,-0.003949282893369266,-0.004546823679068668
2025-02-21,600519.XSHG,1459.6,2025-02-22,1450.64,-0.006138668128254143,-0.0067348954798572835
2025-02-24,000858.XSHE,128.58,2025-02-25,125.51,-0.023876186032042335,-0.02446177246927983
2025-02-24,512690.XSHG,0.596,2025-02-25,0.584,-0.020134228187919434,-0.02072205946308714
2025-02-24,512760.XSHG,1.279,2025-02-25,1.274,-0.003909304143862258,-0.00450686891321328
2025-02-24,600340.XSHG,2.61,2025-02-25,2.65,0.015325670498084198,0.014716566475095894
2025-02-24,601318.XSHG,50.54,2025-02-25,49.55,-0.019588444796201032,-0.02017660349228323
2025-02-25,159915.XSHE,2.197,2025-02-26,2.223,0.011834319526627057,0.01122730999999999
2025-02-25,512760.XSHG,1.274,2025-02-26,1.299,0.019623233908948157,0.01901155173469382
2025-02-25,600340.XSHG,2.65,2025-02-26,2.72,0.026415094339622858,0.025799337660377786
2025-02-25,600837.XSHG,10.41,2025-02-26,10.41,0.0,-0.0005999099999999258
2025-02-25,601166.XSHG,19.5,2025-02-26,19.53,0.0015384615384614886,0.0009376286000000178
2025-02-26,000333.XSHE,66.89,2025-02-27,69.14,0.03363731499476752,0.033017225633129144
2025-02-26,512690.XSHG,0.591,2025-02-27,0.605,0.02368866328257191,0.023074542216582117
2025-02-26,512760.XSHG,1.299,2025-02-27,1.294,-0.0038491147036180395,-0.004446715581216121
2025-02-26,600030.XSHG,28.2,2025-02-27,27.99,-0.007446808510638281,-0.008042251095744635
2025-02-26,600340.XSHG,2.72,2025-02-27,2.65,-0.02573529411764719,-0.026319765257353023
2025-02-27,000333.XSHE,69.14,2025-02-28,69.68,0.007810240092565923,0.0072056446514321415
2025-02-27,000858.XSHE,129.41,2025-02-28,128.26,-0.00888648481570209,-0.009481063724596228
2025-02-27,159928.XSHE,0.798,2025-02-28,0.797,-0.0012531328320801727,-0.0018522910651628255
2025-02-27,512690.XSHG,0.605,2025-02-28,0.602,-0.0049586776859503745,-0.005555612925619791
2025-02-27,601166.XSHG,19.99,2025-02-28,19.83,-0.008004002001000488,-0.00859911032015992
2025-02-28,000333.XSHE,69.68,2025-03-01,67.73,-0.027985074626865725,-0.028568196100746235
2025-02-28,512690.XSHG,0.602,2025-03-01,0.598,-0.006644518272425293,-0.0072404421594685076
2025-02-28,600340.XSHG,2.67,2025-03-01,2.65,-0.0074906367041198685,-0.008086052996254645
2025-02-28,600519.XSHG,1471.94,2025-03-01,1458.44,-0.009171569493321763,-0.009765977377066859
2025-02-28,601857.XSHG,7.64,2025-03-01,7.61,-0.003926701570680535,-0.0045242559031412055
2025-03-03,000002.XSHE,7.79,2025-03-04,7.64,-0.019255455712451908,-0.019843814172015417
2025-03-03,159915.XSHE,2.154,2025-03-04,2.149,-0.00232126276694522,-0.00291978021819872
2025-03-03,510500.XSHG,5.877,2025-03-04,5.929,0.008848051727071704,0.00824283369236034
2025-03-03,512010.XSHG,0.358,2025-03-04,0.359,0.0027932960893854997,0.002191710363128596
2025-03-04,000333.XSHE,68.65,2025-03-05,68.44,-0.0030589949016752715,-0.0036570697800436536
2025-03-04,159915.XSHE,2.149,2025-03-05,2.149,0.0,-0.0005999099999999258
2025-03-04,510500.XSHG,5.929,2025-03-05,5.944,0.0025299375948726333,0.0019285098600101414
2025-03-04,600030.XSHG,27.12,2025-03-05,27.1,-0.0007374631268436405,-0.0013369307153391352
2025-03-04,601166.XSHG,19.89,2025-03-05,20.16,0.013574660633484115,0.012966607058823687
2025-03-05,510300.XSHG,3.906,2025-03-06,3.96,0.01382488479262678,0.013216681105990835
2025-03-05,512760.XSHG,1.248,2025-03-06,1.283,0.028044871794871806,0.027428137395833385
2025-03-05,512800.XSHG,0.755,2025-03-06,0.751,-0.005298013245033095,-0.0058947449139071795
2025-03-05,601398.XSHG,6.73,2025-03-06,6.69,-0.005943536404160454,-0.006539880817236221
2025-03-05,601857.XSHG,7.44,2025-03-06,7.44,0.0,-0.0005999099999999258
2025-03-06,000858.XSHE,128.36,2025-03-07,131.4,0.023683390464319,0.023069272561545562
2025-03-06,510300.XSHG,3.96,2025-03-07,3.95,-0.002525252525252486,-0.0031236476010100267
2025-03-06,600519.XSHG,1477.03,2025-03-07,1491.76,0.00997271551694956,0.009366822785183748
2025-03-06,601318.XSHG,50.19,2025-03-07,50.05,-0.002789400278940035,-0.0033876368898186904
2025-03-06,601857.XSHG,7.44,2025-03-07,7.48,0.005376344086021501,0.004773208763440895
2025-03-07,000858.XSHE,131.4,2025-03-08,129.35,-0.0156012176560123,-0.01619176832952829
2025-03-07,159928.XSHE,0.805,2025-03-08,0.804,-0.001242236024844745,-0.001841400795031034
2025-03-07,512690.XSHG,0.612,2025-03-08,0.613,0.0016339869281045694,0.0010330966830065513
2025-03-07,600036.XSHG,41.76,2025-03-08,41.28,-0.011494252873563093,-0.012087267356321596
2025-03-07,600519.XSHG,1491.76,2025-03-08,1493.63,0.0012535528503245796,0.0006528908314342718
2025-03-10,000333.XSHE,67.79,2025-03-11,67.66,-0.0019176869744801373,-0.002516446534887251
2025-03-10,510500.XSHG,6.006,2025-03-11,6.036,0.004995004995004937,0.004392098441558412
2025-03-10,512010.XSHG,0.359,2025-03-11,0.36,0.0027855153203342198,0.002183934261838383
2025-03-10,512690.XSHG,0.613,2025-03-11,0.629,0.02610114192495927,0.02548557358890724
2025-03-10,600519.XSHG,1493.63,2025-03-11,1518.91,0.016925209054451162,0.016315145452287405
2025-03-11,000858.XSHE,131.79,2025-03-12,129.62,-0.01646558919493124,-0.01705562132331717
2025-03-11,159928.XSHE,0.82,2025-03-12,0.813,-0.008536585365853666,-0.009131374182926755
2025-03-11,510500.XSHG,6.036,2025-03-12,6.04,0.0006626905235256331,6.238296885374695e-05
2025-03-11,600036.XSHG,41.71,2025-03-12,41.73,0.00047950131862850576,-0.00012069633900746446
2025-03-11,600519.XSHG,1518.91,2025-03-12,1512.93,-0.003937033793970701,-0.004534581928027359
2025-03-12,510300.XSHG,3.936,2025-03-13,3.917,-0.004827235772357774,-0.00542424986534551
2025-03-12,600000.XSHG,9.82,2025-03-13,9.92,0.010183299389002087,0.0095772803258658
2025-03-12,600036.XSHG,41.73,2025-03-13,42.02,0.006949436855979041,0.006345357819314668
2025-03-12,600519.XSHG,1512.93,2025-03-13,1508.21,-0.0031197742129510653,-0.003717812629202899
2025-03-12,601166.XSHG,20.27,2025-03-13,20.4,0.006413418845584662,0.0058096613714850864
2025-03-13,000001.XSHE,11.48,2025-03-14,11.61,0.011324041811846541,0.010717338405923371
2025-03-13,000333.XSHE,66.78,2025-03-14,68.56,0.026654687032045432,0.026038786618747922
2025-03-13,600000.XSHG,9.92,2025-03-14,10.11,0.019153225806451513,0.018541825594758032
2025-03-13,600036.XSHG,42.02,2025-03-14,43.29,0.03022370299857191,0.02960566149690602
2025-03-13,601398.XSHG,6.6,2025-03-14,6.62,0.003030303030303161,0.0024285751212123063
2025-03-14,000858.XSHE,137.25,2025-03-15,136.32,-0.006775956284153062,-0.0073718013202185295
2025-03-14,512760.XSHG,1.241,2025-03-15,1.234,-0.005640612409347434,-0.006237138549556875
2025-03-14,600030.XSHG,27.83,2025-03-15,27.62,-0.007545813869924478,-0.008141197060725691
2025-03-14,600036.XSHG,43.29,2025-03-15,43.17,-0.002772002772002735,-0.003370249819819704
2025-03-14,600519.XSHG,1596.72,2025-03-15,1606.38,0.006049902299714471,0.005446362902825852
2025-03-17,512800.XSHG,0.764,2025-03-18,0.762,-0.002617801047120394,-0.0032161406020941863
2025-03-17,600000.XSHG,10.29,2025-03-18,10.33,0.0038872691933917736,0.0032850271817301824
2025-03-17,601166.XSHG,20.92,2025-03-18,20.86,-0.002868068833652093,-0.0034662582504780826
2025-03-17,601398.XSHG,6.67,2025-03-18,6.66,-0.0014992503748125774,-0.0020982609595201485
2025-03-17,601857.XSHG,7.7,2025-03-18,7.68,-0.0025974025974027093,-0.0031957543896103946
2025-03-18,000333.XSHE,71.52,2025-03-19,72.98,0.02041387024608521,0.01980171376118589
2025-03-18,510500.XSHG,6.126,2025-03-19,6.102,-0.003917727717923647,-0.004515287433888404
2025-03-18,600000.XSHG,10.33,2025-03-19,10.34,0.0009680542110357404,0.00036756346563415754
2025-03-18,601166.XSHG,20.86,2025-03-19,21.38,0.024928092042185934,0.024313227430488915
2025-03-18,601318.XSHG,52.25,2025-03-19,52.55,0.00574162679425827,0.005138272334928251
2025-03-19,600000.XSHG,10.34,2025-03-20,10.35,0.0009671179883945502,0.00036662780464213895
2025-03-19,600036.XSHG,44.11,2025-03-20,43.36,-0.01700294717751072,-0.01759265693946932
2025-03-19,600276.XSHG,47.12,2025-03-20,46.46,-0.014006791171476962,-0.014598298357385242
2025-03-19,600519.XSHG,1604.27,2025-03-20,1573.17,-0.019385764241679926,-0.019974044527853674
2025-03-19,601318.XSHG,52.55,2025-03-20,51.02,-0.029115128449096028,-0.029697571992387983
2025-03-20,000001.XSHE,11.14,2025-03-21,11.07,-0.006283662477558405,-0.006879802845601524
2025-03-20,159915.XSHE,2.158,2025-03-21,2.112,-0.02131603336422605,-0.021903155662650442
2025-03-20,600000.XSHG,10.35,2025-03-21,10.16,-0.018357487922705307,-0.01894638508212554
2025-03-20,601166.XSHG,21.31,2025-03-21,20.67,-0.03003284842796794,-0.030614741421867486
2025-03-20,601398.XSHG,6.7,2025-03-21,6.62,-0.011940298507462699,-0.012533045402985055
2025-03-21,000001.XSHE,11.07,2025-03-22,11.03,-0.0036133694670280603,-0.0042111117705510015
2025-03-21,000333.XSHE,71.81,2025-03-22,72.55,0.010304971452443912,0.009698879397019855
2025-03-21,512690.XSHG,0.622,2025-03-22,0.624,0.003215434083601254,0.0026135951125403345
2025-03-21,601398.XSHG,6.62,2025-03-22,6.68,0.009063444108761365,0.008458096858006137
2025-03-21,601857.XSHG,7.74,2025-03-22,7.77,0.003875968992248069,0.0032737337596899785
2025-03-24,000333.XSHE,72.55,2025-03-25,73.32,0.010613370089593399,0.010007093022743163
2025-03-24,600000.XSHG,10.3,2025-03-25,10.3,0.0,-0.0005999099999999258
2025-03-24,600036.XSHG,43.18,2025-03-25,43.22,0.0009263547938860306,0.0003258890643818013
2025-03-24,601166.XSHG,20.86,2025-03-25,20.81,-0.0023969319271333056,-0.002995403983700906
2025-03-24,601398.XSHG,6.68,2025-03-25,6.71,0.004491017964071808,0.003888413757485054
2025-03-25,000001.XSHE,11.08,2025-03-26,11.03,-0.004512635379061436,-0.005109838203971151
2025-03-25,512800.XSHG,0.77,2025-03-26,0.759,-0.014285714285714346,-0.014877054142857227
2025-03-25,600276.XSHG,44.71,2025-03-26,46.06,0.030194587340639734,0.029576563305748316
2025-03-25,601398.XSHG,6.71,2025-03-26,6.69,-0.0029806259314455463,-0.003578747824142914
2025-03-25,601857.XSHG,7.85,2025-03-26,7.88,0.003821656050955413,0.0032194534012739418
2025-03-26,000333.XSHE,73.25,2025-03-27,72.97,-0.003822525597269588,-0.004420142425938467
2025-03-26,000858.XSHE,129.99,2025-03-27,130.53,0.004154165705054114,0.003551763579506151
2025-03-26,159915.XSHE,2.098,2025-03-27,2.103,0.0023832221163013756,0.0017818823975217501
2025-03-26,512800.XSHG,0.759,2025-03-27,0.762,0.0039525691699604515,0.0033502879841897926
2025-03-26,600000.XSHG,10.16,2025-03-27,10.24,0.007874015748031482,0.007269382047244033
2025-03-27,512010.XSHG,0.366,2025-03-28,0.366,0.0,-0.0005999099999999258
2025-03-27,512800.XSHG,0.762,2025-03-28,0.76,-0.002624671916010457,-0.0032230073490812083
2025-03-27,600000.XSHG,10.24,2025-03-28,10.13,-0.010742187499999889,-0.011335653154296743
2025-03-27,600036.XSHG,41.47,2025-03-28,41.43,-0.0009645526886905564,-0.001563884043886965
2025-03-27,600276.XSHG,48.22,2025-03-28,48.44,0.004562422231439323,0.003959775188718595
2025-03-28,512010.XSHG,0.366,2025-03-29,0.362,-0.010928961748633892,-0.011522315355191215
2025-03-28,512800.XSHG,0.76,2025-03-29,0.762,0.002631578947368318,0.002030090236841975
2025-03-28,600036.XSHG,41.43,2025-03-29,41.5,0.0016895969104513409,0.0010886733043689034
2025-03-28,600276.XSHG,48.44,2025-03-29,49.02,0.011973575557390648,0.011366482489677976
2025-03-28,601398.XSHG,6.74,2025-03-29,6.75,0.0014836795252224366,0.0008828794510384874
2025-03-31,000333.XSHE,74.88,2025-04-01,71.91,-0.039663461538461564,-0.04023957703124992
2025-03-31,510500.XSHG,5.854,2025-04-01,5.886,0.005466347796378557,0.004863158479672114
2025-03-31,600000.XSHG,10.12,2025-04-01,10.05,-0.006916996047430679,-0.00751275647233185
2025-03-31,600276.XSHG,49.02,2025-04-01,51.61,0.052835577315381466,0.05220397072419414
2025-03-31,601857.XSHG,7.99,2025-04-01,8.02,0.003754693366708306,0.003152530888610894
2025-04-01,159928.XSHE,0.818,2025-04-02,0.815,-0.003667481662591676,-0.004265191503667443
2025-04-01,510500.XSHG,5.886,2025-04-02,5.893,0.0011892626571525788,0.0005886392065919122
2025-04-01,512010.XSHG,0.374,2025-04-02,0.369,-0.013368983957219305,-0.013960873770053395
2025-04-01,600276.XSHG,51.61,2025-04-02,50.67,-0.018213524510753643,-0.018802508035264287
2025-04-01,601318.XSHG,50.17,2025-04-02,50.4,0.0045844129958141355,0.003981752760613855
2025-04-02,000333.XSHE,72.46,2025-04-03,69.98,-0.034225779740546414,-0.03480515735302214
2025-04-02,510500.XSHG,5.893,2025-04-03,5.842,-0.008654335652469092,-0.009249053829967768
2025-04-02,512800.XSHG,0.764,2025-04-03,0.767,0.003926701570680535,0.003324435903141465
2025-04-02,600000.XSHG,10.15,2025-04-03,10.17,0.0019704433497536034,0.0013693512610837288
2025-04-02,601398.XSHG,6.71,2025-04-03,6.75,0.005961251862891315,0.005357765648286161
2025-04-03,512800.XSHG,0.767,2025-04-04,0.743,-0.031290743155150014,-0.03187188152542375
2025-04-03,600000.XSHG,10.17,2025-04-04,9.37,-0.0786627335299902,-0.07921545296951815
2025-04-03,600276.XSHG,50.86,2025-04-04,48.52,-0.0460086511993707,-0.046580960149429695
2025-04-03,601398.XSHG,6.75,2025-04-04,6.62,-0.019259259259259198,-0.019847615437036947
2025-04-03,601857.XSHG,7.91,2025-04-04,7.14,-0.09734513274336287,-0.09788664442477868
2025-04-07,000333.XSHE,64.08,2025-04-08,66.99,0.04541198501872645,0.04478483191479388
2025-04-07,000858.XSHE,123.59,2025-04-08,127.47,0.03139412573832834,0.03077538208835673
2025-04-07,600276.XSHG,48.52,2025-04-08,48.52,0.0,-0.0005999099999999258
2025-04-07,600519.XSHG,1471.17,2025-04-08,1515.3,0.029996533371398293,0.029378628151063513
2025-04-07,601398.XSHG,6.62,2025-04-08,6.68,0.009063444108761365,0.008458096858006137
2025-04-08,159928.XSHE,0.83,2025-04-09,0.842,0.014457831325301207,0.013849247927710806
2025-04-08,600000.XSHG,9.9,2025-04-09,9.72,-0.018181818181818188,-0.018770820727272652
2025-04-08,600104.XSHG,14.55,2025-04-09,15.12,0.039175257731958624,0.0385518461030927
2025-04-08,600340.XSHG,2.01,2025-04-09,2.09,0.03980099502487566,0.03917720800995039
2025-04-08,601857.XSHG,7.49,2025-04-09,7.33,-0.021361815754339153,-0.021948910587449855
2025-04-09,000002.XSHE,7.06,2025-04-10,7.2,0.019830028328611915,0.019218222096317517
2025-04-09,159915.XSHE,1.823,2025-04-10,1.863,0.021941854086670265,0.02132878094898505
2025-04-09,510500.XSHG,5.428,2025-04-10,5.535,0.01971260132645547,0.019100865539793954
2025-04-09,512760.XSHG,1.11,2025-04-10,1.121,0.009909909909909809,0.009304054855855837
2025-04-09,600340.XSHG,2.09,2025-04-10,2.17,0.038277511961722466,0.037654638899521586
2025-04-10,000002.XSHE,7.2,2025-04-11,7.08,-0.01666666666666672,-0.017256578166666592
2025-04-10,000333.XSHE,67.81,2025-04-11,67.24,-0.008405839846630347,-0.009000707099247829
2025-04-10,512800.XSHG,0.742,2025-04-11,0.744,0.0026954177897573484,0.002093890781671215
2025-04-10,600340.XSHG,2.17,2025-04-11,2.19,0.009216589861751112,0.008611150737327211
2025-04-10,601166.XSHG,19.84,2025-04-11,19.83,-0.0005040322580646128,-0.0011036398840725825
2025-04-11,159915.XSHE,1.892,2025-04-12,1.895,0.001585623678646897,0.0009847624471459593
2025-04-11,510500.XSHG,5.573,2025-04-12,5.617,0.00789520904360308,0.007290562628745834
2025-04-11,512760.XSHG,1.17,2025-04-12,1.171,0.0008547008547008517,0.000254278111111228
2025-04-11,600030.XSHG,25.14,2025-04-12,25.01,-0.0051710421638822,-0.005767850003977615
2025-04-11,600036.XSHG,39.79,2025-04-12,39.76,-0.0007539582809751311,-0.0013534159738627372
2025-04-14,510500.XSHG,5.617,2025-04-15,5.594,-0.004094712479971507,-0.004692166021007638
2025-04-14,600000.XSHG,9.88,2025-04-15,10.16,0.028340080971659853,0.02772316947368414
2025-04-14,600104.XSHG,15.42,2025-04-15,15.34,-0.005188067444876765,-0.0057848650713357985
2025-04-14,601398.XSHG,6.73,2025-04-15,6.82,0.013372956909361022,0.012765024338781572
2025-04-14,601857.XSHG,7.48,2025-04-15,7.53,0.006684491978609541,0.006080571885026753
2025-04-15,510300.XSHG,3.766,2025-04-16,3.775,0.0023898035050451405,0.0017884598380246697
2025-04-15,512800.XSHG,0.759,2025-04-16,0.766,0.00922266139657446,0.008617218629775936
2025-04-15,600000.XSHG,10.16,2025-04-16,10.29,0.012795275590551158,0.012187689576771632
2025-04-15,601398.XSHG,6.82,2025-04-16,6.92,0.014662756598240456,0.014054050263929696
2025-04-15,601857.XSHG,7.53,2025-04-16,7.76,0.030544488711819362,0.029926254767596472
2025-04-16,000002.XSHE,7.04,2025-04-17,7.2,0.022727272727272707,0.02211372840909087
2025-04-16,512800.XSHG,0.766,2025-04-17,0.767,0.0013054830287206887,0.0007047898563969923
2025-04-16,600000.XSHG,10.29,2025-04-17,10.43,0.013605442176870763,0.01299737013605462
2025-04-16,601398.XSHG,6.92,2025-04-17,6.91,-0.0014450867052022698,-0.00204412978323687
2025-04-16,601857.XSHG,7.76,2025-04-17,7.77,0.0012886597938144284,0.0006879767139176263
2025-04-17,000002.XSHE,7.2,2025-04-18,7.31,0.015277777777777724,0.014668702486111185
2025-04-17,512760.XSHG,1.17,2025-04-18,1.159,-0.009401709401709368,-0.009995979222222062
2025-04-17,600000.XSHG,10.43,2025-04-18,10.49,0.0057526366251199335,0.005149275560882405
2025-04-17,600340.XSHG,2.27,2025-04-18,2.28,0.004405286343612147,0.0038027335682817576
2025-04-17,600519.XSHG,1539.82,2025-04-18,1535.84,-0.0025847176942759287,-0.0031830770962838484
2025-04-18,000001.XSHE,10.84,2025-04-19,10.69,-0.013837638376383743,-0.014429247038745374
2025-04-18,000002.XSHE,7.31,2025-04-19,7.18,-0.017783857729138153,-0.0183730990150478
2025-04-18,600340.XSHG,2.28,2025-04-19,2.29,0.004385964912280826,0.0037834237280705008
2025-04-18,601166.XSHG,20.44,2025-04-19,20.14,-0.014677103718199636,-0.015268208776907932
2025-04-18,601398.XSHG,7.0,2025-04-19,6.91,-0.01285714285714279,-0.013449339728571319
2025-04-21,000001.XSHE,10.69,2025-04-22,10.7,0.00093545369504211,0.00033498250701602394
2025-04-21,000002.XSHE,7.18,2025-04-22,7.18,0.0,-0.0005999099999999258
2025-04-21,510300.XSHG,3.79,2025-04-22,3.792,0.0005277044854881119,-7.252208970964791e-05
2025-04-21,510500.XSHG,5.632,2025-04-22,5.617,-0.002663352272727182,-0.0032616645010651313
2025-04-21,600340.XSHG,2.29,2025-04-22,2.31,0.008733624454148492,0.008128475065502405
2025-04-22,000002.XSHE,7.18,2025-04-23,7.07,-0.01532033426183832,-0.015911053440111234
2025-04-22,512800.XSHG,0.771,2025-04-23,0.767,-0.005188067444876765,-0.0057848650713357985
2025-04-22,600000.XSHG,10.39,2025-04-23,10.36,-0.002887391722810495,-0.003485569547642009
2025-04-22,600340.XSHG,2.31,2025-04-23,2.25,-0.025974025974025983,-0.026558353896103837
2025-04-22,601398.XSHG,7.01,2025-04-23,6.97,-0.005706134094151216,-0.00630262092724676
2025-04-23,000001.XSHE,10.68,2025-04-24,10.69,0.000936329588014928,0.0003358578745318308
2025-04-23,510300.XSHG,3.796,2025-04-24,3.796,0.0,-0.0005999099999999258
2025-04-23,512010.XSHG,0.351,2025-04-24,0.352,0.002849002849002913,0.002247383703703809
2025-04-23,600276.XSHG,50.91,2025-04-24,50.95,0.0007857002553526282,0.00018531890591244604
2025-04-23,601318.XSHG,49.28,2025-04-24,49.78,0.01014610389610393,0.009540107146915666
2025-04-24,000002.XSHE,7.08,2025-04-25,7.05,-0.004237288135593209,-0.0048346561440677505
2025-04-24,600036.XSHG,40.46,2025-04-25,40.34,-0.002965892239248591,-0.0035640229708352456
2025-04-24,600104.XSHG,15.45,2025-04-25,15.64,0.012297734627831902,0.011690447093851475
2025-04-24,600340.XSHG,2.28,2025-04-25,2.26,-0.00877192982456143,-0.009366577456140224
2025-04-24,600519.XSHG,1522.41,2025-04-25,1520.21,-0.001445077213102941,-0.002044120296831986
2025-04-25,159915.XSHE,1.92,2025-04-26,1.906,-0.007291666666666696,-0.00788720232291662
2025-04-25,512690.XSHG,0.603,2025-04-26,0.601,-0.0033167495854062867,-0.003914669834162443
2025-04-25,600030.XSHG,24.98,2025-04-26,24.91,-0.002802241793434801,-0.0034004707005604873
2025-04-25,600340.XSHG,2.26,2025-04-26,2.14,-0.05309734513274322,-0.05366540150442467
2025-04-25,601318.XSHG,49.89,2025-04-26,49.77,-0.0024052916416115178,-0.003003758683102653
2025-04-28,512760.XSHG,1.152,2025-04-29,1.163,0.00954861111111116,0.008942972803819504
2025-04-28,600000.XSHG,10.42,2025-04-29,10.51,0.008637236084452882,0.008032144520153661
2025-04-28,600036.XSHG,40.59,2025-04-29,40.26,-0.008130081300813163,-0.008725113983739985
2025-04-28,600276.XSHG,49.79,2025-04-29,49.42,-0.007431211086563527,-0.008026663028720571
2025-04-28,601318.XSHG,49.77,2025-04-29,49.57,-0.004018485031143326,-0.004615984301788223
2025-04-29,000333.XSHE,70.78,2025-04-30,70.23,-0.007770556654422167,-0.00836580501977957
2025-04-29,510500.XSHG,5.598,2025-04-30,5.626,0.005001786352268667,0.004398875730618146
2025-04-29,512800.XSHG,0.777,2025-04-30,0.76,-0.02187902187902191,-0.022465806435006397
2025-04-29,600000.XSHG,10.51,2025-04-30,10.64,0.012369172216936342,0.01176184182683171
2025-04-29,600340.XSHG,2.17,2025-04-30,2.39,0.10138248847926268,0.10072175811059925
2025-04-30,000001.XSHE,10.58,2025-05-01,10.63,0.004725897920605071,0.004123152807183672
2025-04-30,512760.XSHG,1.175,2025-05-01,1.192,0.014468085106382977,0.013859495557446921
2025-04-30,600000.XSHG,10.64,2025-05-01,10.84,0.018796992481203034,0.018185805977443792
2025-04-30,600030.XSHG,24.86,2025-05-01,25.29,0.01729686242960571,0.016686575868865683
2025-04-30,600519.XSHG,1517.26,2025-05-01,1520.4,0.0020695200558902282,0.0014683685301135618
2025-05-06,159915.XSHE,1.958,2025-05-07,1.967,0.004596527068437162,0.003993859565883495
2025-05-06,510500.XSHG,5.733,2025-05-07,5.743,0.001744287458573357,0.0011433310430839505
2025-05-06,600000.XSHG,10.84,2025-05-07,11.04,0.01845018450184499,0.01783920605166056
2025-05-06,600030.XSHG,25.29,2025-05-07,25.45,0.00632661130881762,0.005722905911427434
2025-05-06,600036.XSHG,39.65,2025-05-07,40.28,0.015889029003783195,0.015279587016393759
2025-05-07,000001.XSHE,10.69,2025-05-08,10.74,0.00467726847521055,0.004074552535079601
2025-05-07,512800.XSHG,0.771,2025-05-08,0.779,0.01037613488975353,0.00977000014267193
2025-05-07,600036.XSHG,40.28,2025-05-08,41.03,0.018619662363455802,0.018008582241807236
2025-05-07,601166.XSHG,20.1,2025-05-08,20.57,0.023383084577114355,0.022769146830845965
2025-05-07,601398.XSHG,6.97,2025-05-08,6.97,0.0,-0.0005999099999999258
2025-05-08,159915.XSHE,2.001,2025-05-09,1.984,-0.008495752123937939,-0.00909056543728115
2025-05-08,600000.XSHG,11.29,2025-05-09,11.45,0.01417183348095663,0.013563421656333174
2025-05-08,600036.XSHG,41.03,2025-05-09,41.68,0.01584206678040445,0.015232652966122195
2025-05-08,600340.XSHG,2.53,2025-05-09,2.41,-0.04743083003952553,-0.048002285810276435
2025-05-08,601166.XSHG,20.57,2025-05-09,21.12,0.02673796791443861,0.026122017540107123
2025-05-09,000333.XSHE,72.31,2025-05-10,73.05,0.0102337159452357,0.009627666636703225
2025-05-09,512800.XSHG,0.789,2025-05-10,0.791,0.0025348542458809575,0.0019334235614703044
2025-05-09,600000.XSHG,11.45,2025-05-10,11.37,-0.006986899563318771,-0.0075826180524016795
2025-05-09,600036.XSHG,41.68,2025-05-10,41.98,0.007197696737044179,0.0065934687667947856
2025-05-09,601166.XSHG,21.12,2025-05-10,21.29,0.008049242424242431,0.007444503603219799
2025-05-12,000333.XSHE,73.05,2025-05-13,73.56,0.006981519507186951,0.006377421223819457
2025-05-12,600030.XSHG,26.07,2025-05-13,25.86,-0.008055235903337232,-0.00865031348676637
2025-05-12,600036.XSHG,41.98,2025-05-13,42.71,0.017389232968080037,0.016778890993330187
2025-05-12,600340.XSHG,2.55,2025-05-13,2.61,0.0235294117647058,0.02291538623529399
2025-05-12,601166.XSHG,21.29,2025-05-13,21.55,0.012212306247064486,0.011605069962423942
2025-05-13,000001.XSHE,10.95,2025-05-14,11.08,0.01187214611872145,0.011265113899543433
2025-05-13,512800.XSHG,0.803,2025-05-14,0.81,0.008717310087173136,0.008112170485678805
2025-05-13,600000.XSHG,11.72,2025-05-14,11.79,0.0059726962457336,0.005369203165528802
2025-05-13,600036.XSHG,42.71,2025-05-14,42.95,0.00561929290564267,0.005016011835635714
2025-05-13,600340.XSHG,2.61,2025-05-14,2.65,0.015325670498084198,0.014716566475095894
2025-05-14,600030.XSHG,26.83,2025-05-15,26.35,-0.017890421170331572,-0.01847959852776715
2025-05-14,600276.XSHG,52.71,2025-05-15,53.5,0.014987668374122576,0.014378767121988378
2025-05-14,600519.XSHG,1603.56,2025-05-15,1600.64,-0.0018209483898324885,-0.0024197659846838526
2025-05-14,601166.XSHG,21.91,2025-05-15,21.87,-0.0018256503879506836,-0.0024244651620264346
2025-05-14,601318.XSHG,53.15,2025-05-15,52.73,-0.007902163687676378,-0.008497333100658366
2025-05-15,600000.XSHG,11.93,2025-05-16,11.74,-0.01592623637887669,-0.016516592070410563
2025-05-15,600036.XSHG,43.06,2025-05-16,42.43,-0.014630747793776155,-0.015221880661867138
2025-05-15,600104.XSHG,16.63,2025-05-16,16.8,0.010222489476849228,0.009616446903187192
2025-05-15,600276.XSHG,53.5,2025-05-16,53.66,0.0029906542056075125,0.0023889500822429355
2025-05-15,601398.XSHG,7.12,2025-05-16,7.02,-0.014044943820224809,-0.014636428117977607
2025-05-16,000333.XSHE,73.07,2025-05-17,74.0,0.012727521554673604,0.01211997618721794
2025-05-16,512010.XSHG,0.363,2025-05-17,0.363,0.0,-0.0005999099999999258
2025-05-16,600104.XSHG,16.8,2025-05-17,16.59,-0.012500000000000067,-0.013092411125000036
2025-05-16,600276.XSHG,53.66,2025-05-17,53.26,-0.007454342154304849,-0.008049780219902991
2025-05-16,600340.XSHG,2.83,2025-05-17,3.11,0.09893992932862195,0.09828066427561843
2025-05-19,000333.XSHE,74.0,2025-05-20,75.04,0.014054054054054133,0.01344571288648666
2025-05-19,510500.XSHG,5.725,2025-05-20,5.749,0.004192139737991374,0.0035897148314412153
2025-05-19,512760.XSHG,1.14,2025-05-20,1.145,0.004385964912280826,0.0037834237280705008
2025-05-19,601318.XSHG,51.8,2025-05-20,52.17,0.0071428571428573395,0.006538662071428947
2025-05-19,601857.XSHG,7.95,2025-05-20,7.97,0.002515723270440251,0.0019143040628930574
2025-05-20,000333.XSHE,75.04,2025-05-21,75.17,0.0017324093816630803,0.0011314600919509754
2025-05-20,000858.XSHE,125.88,2025-05-21,126.0,0.0009532888465204614,0.00035280695900863357
2025-05-20,600000.XSHG,11.91,2025-05-21,11.91,0.0,-0.0005999099999999258
2025-05-20,600519.XSHG,1555.51,2025-05-21,1550.58,-0.0031693785317998824,-0.0037673871899247535
2025-05-20,601318.XSHG,52.17,2025-05-21,52.34,0.0032585777266629368,0.0026567128732988277
2025-05-21,512010.XSHG,0.371,2025-05-22,0.369,-0.005390835579514808,-0.005987511563342318
2025-05-21,512800.XSHG,0.806,2025-05-22,0.813,0.008684863523573005,0.008079743387096494
2025-05-21,600104.XSHG,16.77,2025-05-22,17.05,0.016696481812760844,0.01608655542635673
2025-05-21,600276.XSHG,55.74,2025-05-22,55.4,-0.006099748833871654,-0.006695999533548713
2025-05-21,601318.XSHG,52.34,2025-05-22,52.33,-0.0001910584638900037,-0.0007908538460068559
2025-05-22,000001.XSHE,11.2,2025-05-23,11.11,-0.008035714285714257,-0.00863080358035706
2025-05-22,000333.XSHE,75.7,2025-05-23,75.25,-0.005944517833553542,-0.006540861657859942
2025-05-22,600036.XSHG,42.66,2025-05-23,42.22,-0.010314111579934337,-0.010907834041256281
2025-05-22,600104.XSHG,17.05,2025-05-23,16.78,-0.015835777126099626,-0.016426187085043842
2025-05-22,601166.XSHG,21.88,2025-05-23,21.79,-0.004113345521023715,-0.004710787883912215
